country,year,gas_consumption_bcm
Algeria,2000,19.1
Algeria,2001,19.7
Algeria,2002,19.5
Algeria,2003,20.6
Algeria,2004,21.2
Algeria,2005,22.4
Algeria,2006,22.8
Algeria,2007,23.4
Algeria,2008,24.4
Algeria,2009,26.2
Algeria,2010,25.3
Algeria,2011,26.8
Algeria,2012,29.9
Algeria,2013,32.1
Algeria,2014,36.1
Algeria,2015,37.9
Algeria,2016,38.6
Algeria,2017,39.5
Algeria,2018,43.4
Algeria,2019,45.1
Algeria,2020,43.4
Algeria,2021,48.2
Algeria,2022,50.3
Algeria,2023,54.2
Algeria,2024,50.5
Argentina,2000,32.3
Argentina,2001,30.2
Argentina,2002,29.4
Argentina,2003,33.6
Argentina,2004,36.8
Argentina,2005,39.3
Argentina,2006,40.7
Argentina,2007,42.7
Argentina,2008,43.2
Argentina,2009,41.8
Argentina,2010,42.1
Argentina,2011,43.8
Argentina,2012,45.7
Argentina,2013,46.0
Argentina,2014,46.2
Argentina,2015,46.7
Argentina,2016,48.2
Argentina,2017,48.3
Argentina,2018,48.7
Argentina,2019,46.6
Argentina,2020,43.9
Argentina,2021,45.9
Argentina,2022,45.9
Argentina,2023,44.9
Argentina,2024,45.6
Australia,2000,20.6
Australia,2001,22.2
Australia,2002,22.8
Australia,2003,23.0
Australia,2004,23.5
Australia,2005,23.3
Australia,2006,25.9
Australia,2007,29.0
Australia,2008,28.5
Australia,2009,29.1
Australia,2010,31.7
Australia,2011,33.1
Australia,2012,33.3
Australia,2013,35.0
Australia,2014,37.6
Australia,2015,39.0
Australia,2016,38.0
Australia,2017,37.3
Australia,2018,37.2
Australia,2019,44.1
Australia,2020,42.3
Australia,2021,39.6
Australia,2022,43.2
Australia,2023,38.6
Australia,2024,37.0
Austria,2000,7.8
Austria,2001,8.3
Austria,2002,8.1
Austria,2003,9.0
Austria,2004,9.0
Austria,2005,9.5
Austria,2006,9.0
Austria,2007,8.5
Austria,2008,9.1
Austria,2009,8.8
Austria,2010,9.6
Austria,2011,9.0
Austria,2012,8.6
Austria,2013,8.2
Austria,2014,7.5
Austria,2015,8.0
Austria,2016,8.3
Austria,2017,9.1
Austria,2018,8.7
Austria,2019,8.9
Austria,2020,8.5
Austria,2021,9.0
Austria,2022,7.9
Austria,2023,6.9
Austria,2024,6.8
Azerbaijan,2000,5.3
Azerbaijan,2001,7.6
Azerbaijan,2002,7.6
Azerbaijan,2003,7.8
Azerbaijan,2004,9.1
Azerbaijan,2005,9.4
Azerbaijan,2006,10.0
Azerbaijan,2007,8.8
Azerbaijan,2008,10.1
Azerbaijan,2009,8.6
Azerbaijan,2010,8.2
Azerbaijan,2011,8.9
Azerbaijan,2012,9.4
Azerbaijan,2013,9.4
Azerbaijan,2014,9.9
Azerbaijan,2015,11.1
Azerbaijan,2016,10.9
Azerbaijan,2017,10.6
Azerbaijan,2018,10.8
Azerbaijan,2019,11.8
Azerbaijan,2020,12.4
Azerbaijan,2021,12.8
Azerbaijan,2022,13.6
Azerbaijan,2023,14.0
Azerbaijan,2024,12.8
Bangladesh,2000,9.1
Bangladesh,2001,10.1
Bangladesh,2002,10.7
Bangladesh,2003,11.5
Bangladesh,2004,12.3
Bangladesh,2005,13.3
Bangladesh,2006,14.4
Bangladesh,2007,15.3
Bangladesh,2008,16.4
Bangladesh,2009,18.7
Bangladesh,2010,19.3
Bangladesh,2011,19.6
Bangladesh,2012,21.3
Bangladesh,2013,22.0
Bangladesh,2014,23.0
Bangladesh,2015,25.9
Bangladesh,2016,26.5
Bangladesh,2017,26.6
Bangladesh,2018,27.4
Bangladesh,2019,30.9
Bangladesh,2020,29.9
Bangladesh,2021,30.6
Bangladesh,2022,28.7
Bangladesh,2023,28.1
Bangladesh,2024,27.3
Belarus,2000,15.2
Belarus,2001,15.1
Belarus,2002,15.5
Belarus,2003,15.3
Belarus,2004,18.5
Belarus,2005,19.0
Belarus,2006,19.4
Belarus,2007,19.5
Belarus,2008,19.9
Belarus,2009,16.9
Belarus,2010,20.7
Belarus,2011,19.2
Belarus,2012,19.4
Belarus,2013,19.3
Belarus,2014,19.1
Belarus,2015,17.9
Belarus,2016,17.8
Belarus,2017,18.2
Belarus,2018,19.3
Belarus,2019,19.2
Belarus,2020,17.8
Belarus,2021,18.8
Belarus,2022,18.5
Belarus,2023,16.8
Belarus,2024,16.8
Belgium,2000,15.5
Belgium,2001,15.3
Belgium,2002,15.8
Belgium,2003,16.9
Belgium,2004,17.2
Belgium,2005,16.9
Belgium,2006,17.4
Belgium,2007,17.5
Belgium,2008,17.4
Belgium,2009,17.6
Belgium,2010,19.4
Belgium,2011,16.5
Belgium,2012,16.7
Belgium,2013,16.5
Belgium,2014,14.5
Belgium,2015,15.8
Belgium,2016,16.2
Belgium,2017,16.4
Belgium,2018,16.9
Belgium,2019,17.4
Belgium,2020,17.0
Belgium,2021,17.0
Belgium,2022,14.6
Belgium,2023,13.8
Belgium,2024,13.3
Brazil,2000,9.7
Brazil,2001,12.3
Brazil,2002,14.5
Brazil,2003,16.2
Brazil,2004,19.3
Brazil,2005,20.1
Brazil,2006,21.2
Brazil,2007,21.8
Brazil,2008,25.7
Brazil,2009,20.7
Brazil,2010,27.6
Brazil,2011,27.5
Brazil,2012,32.6
Brazil,2013,38.4
Brazil,2014,40.7
Brazil,2015,42.9
Brazil,2016,37.1
Brazil,2017,37.6
Brazil,2018,35.9
Brazil,2019,35.7
Brazil,2020,31.4
Brazil,2021,40.4
Brazil,2022,32.0
Brazil,2023,29.9
Brazil,2024,31.4
Bulgaria,2000,3.4
Bulgaria,2001,2.9
Bulgaria,2002,2.5
Bulgaria,2003,2.7
Bulgaria,2004,2.6
Bulgaria,2005,3.3
Bulgaria,2006,3.4
Bulgaria,2007,3.4
Bulgaria,2008,3.4
Bulgaria,2009,2.4
Bulgaria,2010,2.7
Bulgaria,2011,3.1
Bulgaria,2012,2.9
Bulgaria,2013,2.8
Bulgaria,2014,2.7
Bulgaria,2015,3.0
Bulgaria,2016,3.1
Bulgaria,2017,3.2
Bulgaria,2018,3.0
Bulgaria,2019,2.8
Bulgaria,2020,2.9
Bulgaria,2021,3.3
Bulgaria,2022,2.7
Bulgaria,2023,2.5
Bulgaria,2024,2.7
Canada,2000,89.2
Canada,2001,84.0
Canada,2002,87.5
Canada,2003,89.8
Canada,2004,87.8
Canada,2005,87.6
Canada,2006,87.1
Canada,2007,93.7
Canada,2008,92.5
Canada,2009,89.7
Canada,2010,91.6
Canada,2011,100.6
Canada,2012,99.4
Canada,2013,105.4
Canada,2014,109.8
Canada,2015,110.3
Canada,2016,105.6
Canada,2017,109.6
Canada,2018,117.7
Canada,2019,118.7
Canada,2020,115.3
Canada,2021,118.6
Canada,2022,123.8
Canada,2023,124.1
Canada,2024,128.5
Chile,2000,7.0
Chile,2001,8.0
Chile,2002,8.0
Chile,2003,8.7
Chile,2004,9.4
Chile,2005,9.1
Chile,2006,8.4
Chile,2007,5.0
Chile,2008,2.8
Chile,2009,2.8
Chile,2010,5.7
Chile,2011,5.8
Chile,2012,5.3
Chile,2013,5.3
Chile,2014,4.4
Chile,2015,4.8
Chile,2016,5.9
Chile,2017,5.6
Chile,2018,5.6
Chile,2019,6.5
Chile,2020,6.2
Chile,2021,6.8
Chile,2022,7.3
Chile,2023,7.6
Chile,2024,7.1
China,2000,24.7
China,2001,27.6
China,2002,29.4
China,2003,34.2
China,2004,40.0
China,2005,47.0
China,2006,57.8
China,2007,71.1
China,2008,81.9
China,2009,90.2
China,2010,108.9
China,2011,135.2
China,2012,150.9
China,2013,171.9
China,2014,188.4
China,2015,194.7
China,2016,209.4
China,2017,241.3
China,2018,283.9
China,2019,308.4
China,2020,336.6
China,2021,380.3
China,2022,377.6
China,2023,404.8
China,2024,434.4
China Hong Kong SAR,2000,2.8
China Hong Kong SAR,2001,2.8
China Hong Kong SAR,2002,2.7
China Hong Kong SAR,2003,1.7
China Hong Kong SAR,2004,2.5
China Hong Kong SAR,2005,2.5
China Hong Kong SAR,2006,2.8
China Hong Kong SAR,2007,2.6
China Hong Kong SAR,2008,3.0
China Hong Kong SAR,2009,2.9
China Hong Kong SAR,2010,3.6
China Hong Kong SAR,2011,2.9
China Hong Kong SAR,2012,2.6
China Hong Kong SAR,2013,2.5
China Hong Kong SAR,2014,2.4
China Hong Kong SAR,2015,3.0
China Hong Kong SAR,2016,3.1
China Hong Kong SAR,2017,3.1
China Hong Kong SAR,2018,3.0
China Hong Kong SAR,2019,3.1
China Hong Kong SAR,2020,4.9
China Hong Kong SAR,2021,4.8
China Hong Kong SAR,2022,4.5
China Hong Kong SAR,2023,4.8
China Hong Kong SAR,2024,5.4
Colombia,2000,5.7
Colombia,2001,5.9
Colombia,2002,6.0
Colombia,2003,5.7
Colombia,2004,6.1
Colombia,2005,6.4
Colombia,2006,6.8
Colombia,2007,7.2
Colombia,2008,7.3
Colombia,2009,8.4
Colombia,2010,8.7
Colombia,2011,8.5
Colombia,2012,9.5
Colombia,2013,10.5
Colombia,2014,11.4
Colombia,2015,11.2
Colombia,2016,12.1
Colombia,2017,11.8
Colombia,2018,12.7
Colombia,2019,12.9
Colombia,2020,13.1
Colombia,2021,12.6
Colombia,2022,12.6
Colombia,2023,13.1
Colombia,2024,13.4
Croatia,2000,2.6
Croatia,2001,2.7
Croatia,2002,2.8
Croatia,2003,2.7
Croatia,2004,2.8
Croatia,2005,2.7
Croatia,2006,2.7
Croatia,2007,3.1
Croatia,2008,3.0
Croatia,2009,2.8
Croatia,2010,3.1
Croatia,2011,3.0
Croatia,2012,2.8
Croatia,2013,2.7
Croatia,2014,2.3
Croatia,2015,2.4
Croatia,2016,2.5
Croatia,2017,2.9
Croatia,2018,2.7
Croatia,2019,2.8
Croatia,2020,2.9
Croatia,2021,2.8
Croatia,2022,2.5
Croatia,2023,2.5
Croatia,2024,2.4
Cyprus,2000,0.0
Cyprus,2001,0.0
Cyprus,2002,0.0
Cyprus,2003,0.0
Cyprus,2004,0.0
Cyprus,2005,0.0
Cyprus,2006,0.0
Cyprus,2007,0.0
Cyprus,2008,0.0
Cyprus,2009,0.0
Cyprus,2010,0.0
Cyprus,2011,0.0
Cyprus,2012,0.0
Cyprus,2013,0.0
Cyprus,2014,0.0
Cyprus,2015,0.0
Cyprus,2016,0.0
Cyprus,2017,0.0
Cyprus,2018,0.0
Cyprus,2019,0.0
Cyprus,2020,0.0
Cyprus,2021,0.0
Cyprus,2022,0.0
Cyprus,2023,0.0
Cyprus,2024,0.0
Czech Republic,2000,8.7
Czech Republic,2001,9.3
Czech Republic,2002,9.0
Czech Republic,2003,9.1
Czech Republic,2004,9.1
Czech Republic,2005,9.0
Czech Republic,2006,8.8
Czech Republic,2007,8.4
Czech Republic,2008,8.3
Czech Republic,2009,7.9
Czech Republic,2010,9.4
Czech Republic,2011,7.9
Czech Republic,2012,8.0
Czech Republic,2013,8.1
Czech Republic,2014,7.2
Czech Republic,2015,7.5
Czech Republic,2016,8.2
Czech Republic,2017,8.4
Czech Republic,2018,8.0
Czech Republic,2019,8.3
Czech Republic,2020,8.5
Czech Republic,2021,9.1
Czech Republic,2022,7.4
Czech Republic,2023,6.7
Czech Republic,2024,6.7
Denmark,2000,5.1
Denmark,2001,5.3
Denmark,2002,5.4
Denmark,2003,5.4
Denmark,2004,5.4
Denmark,2005,5.2
Denmark,2006,5.3
Denmark,2007,4.7
Denmark,2008,4.8
Denmark,2009,4.6
Denmark,2010,5.2
Denmark,2011,4.3
Denmark,2012,4.1
Denmark,2013,3.8
Denmark,2014,3.3
Denmark,2015,3.3
Denmark,2016,3.4
Denmark,2017,3.2
Denmark,2018,3.1
Denmark,2019,2.9
Denmark,2020,2.3
Denmark,2021,2.4
Denmark,2022,1.7
Denmark,2023,1.6
Denmark,2024,1.6
Ecuador,2000,0.3
Ecuador,2001,0.3
Ecuador,2002,0.1
Ecuador,2003,0.2
Ecuador,2004,0.5
Ecuador,2005,0.6
Ecuador,2006,0.6
Ecuador,2007,0.5
Ecuador,2008,0.5
Ecuador,2009,0.6
Ecuador,2010,0.6
Ecuador,2011,0.6
Ecuador,2012,0.7
Ecuador,2013,0.9
Ecuador,2014,0.9
Ecuador,2015,0.8
Ecuador,2016,0.9
Ecuador,2017,0.9
Ecuador,2018,0.8
Ecuador,2019,0.7
Ecuador,2020,0.6
Ecuador,2021,0.6
Ecuador,2022,0.5
Ecuador,2023,0.5
Ecuador,2024,0.6
Egypt,2000,19.3
Egypt,2001,23.6
Egypt,2002,25.5
Egypt,2003,28.6
Egypt,2004,30.5
Egypt,2005,30.4
Egypt,2006,35.1
Egypt,2007,36.9
Egypt,2008,39.3
Egypt,2009,40.9
Egypt,2010,43.4
Egypt,2011,47.8
Egypt,2012,50.6
Egypt,2013,49.5
Egypt,2014,46.2
Egypt,2015,46.0
Egypt,2016,49.4
Egypt,2017,55.9
Egypt,2018,59.6
Egypt,2019,59.0
Egypt,2020,58.3
Egypt,2021,62.1
Egypt,2022,60.6
Egypt,2023,60.0
Egypt,2024,59.8
Estonia,2000,0.8
Estonia,2001,0.8
Estonia,2002,0.7
Estonia,2003,0.8
Estonia,2004,0.9
Estonia,2005,0.9
Estonia,2006,0.9
Estonia,2007,0.9
Estonia,2008,0.9
Estonia,2009,0.6
Estonia,2010,0.7
Estonia,2011,0.6
Estonia,2012,0.6
Estonia,2013,0.6
Estonia,2014,0.5
Estonia,2015,0.5
Estonia,2016,0.5
Estonia,2017,0.5
Estonia,2018,0.5
Estonia,2019,0.5
Estonia,2020,0.4
Estonia,2021,0.5
Estonia,2022,0.4
Estonia,2023,0.3
Estonia,2024,0.3
Finland,2000,3.9
Finland,2001,4.3
Finland,2002,4.2
Finland,2003,4.7
Finland,2004,4.5
Finland,2005,4.1
Finland,2006,4.4
Finland,2007,4.1
Finland,2008,4.2
Finland,2009,3.7
Finland,2010,4.1
Finland,2011,3.6
Finland,2012,3.2
Finland,2013,3.0
Finland,2014,2.7
Finland,2015,2.3
Finland,2016,2.0
Finland,2017,1.8
Finland,2018,2.1
Finland,2019,2.0
Finland,2020,2.1
Finland,2021,2.1
Finland,2022,1.1
Finland,2023,1.2
Finland,2024,1.3
France,2000,41.6
France,2001,43.7
France,2002,43.6
France,2003,45.7
France,2004,46.7
France,2005,47.7
France,2006,46.1
France,2007,44.8
France,2008,46.4
France,2009,44.7
France,2010,49.6
France,2011,43.0
France,2012,44.4
France,2013,45.1
France,2014,37.9
France,2015,40.8
France,2016,44.5
France,2017,44.8
France,2018,42.8
France,2019,43.7
France,2020,40.6
France,2021,43.0
France,2022,38.6
France,2023,34.1
France,2024,32.0
Germany,2000,82.9
Germany,2001,87.4
Germany,2002,87.3
Germany,2003,88.4
Germany,2004,88.8
Germany,2005,90.3
Germany,2006,92.0
Germany,2007,88.6
Germany,2008,89.5
Germany,2009,84.4
Germany,2010,88.1
Germany,2011,80.9
Germany,2012,81.1
Germany,2013,85.0
Germany,2014,73.9
Germany,2015,77.0
Germany,2016,84.9
Germany,2017,87.7
Germany,2018,85.9
Germany,2019,89.3
Germany,2020,87.1
Germany,2021,91.7
Germany,2022,75.6
Germany,2023,72.8
Germany,2024,78.6
Greece,2000,2.0
Greece,2001,1.9
Greece,2002,2.1
Greece,2003,2.4
Greece,2004,2.6
Greece,2005,2.6
Greece,2006,3.1
Greece,2007,3.9
Greece,2008,4.5
Greece,2009,3.8
Greece,2010,4.1
Greece,2011,5.1
Greece,2012,4.7
Greece,2013,4.1
Greece,2014,3.2
Greece,2015,3.4
Greece,2016,4.4
Greece,2017,5.4
Greece,2018,5.2
Greece,2019,5.8
Greece,2020,6.3
Greece,2021,7.0
Greece,2022,6.2
Greece,2023,5.4
Greece,2024,6.7
Hungary,2000,11.2
Hungary,2001,12.5
Hungary,2002,12.6
Hungary,2003,13.8
Hungary,2004,13.6
Hungary,2005,14.1
Hungary,2006,13.3
Hungary,2007,12.4
Hungary,2008,12.3
Hungary,2009,10.6
Hungary,2010,11.4
Hungary,2011,10.9
Hungary,2012,9.7
Hungary,2013,9.1
Hungary,2014,8.1
Hungary,2015,8.7
Hungary,2016,9.3
Hungary,2017,9.9
Hungary,2018,9.6
Hungary,2019,9.8
Hungary,2020,10.2
Hungary,2021,10.8
Hungary,2022,9.2
Hungary,2023,8.2
Hungary,2024,8.2
Iceland,2000,0.0
Iceland,2001,0.0
Iceland,2002,0.0
Iceland,2003,0.0
Iceland,2004,0.0
Iceland,2005,0.0
Iceland,2006,0.0
Iceland,2007,0.0
Iceland,2008,0.0
Iceland,2009,0.0
Iceland,2010,0.0
Iceland,2011,0.0
Iceland,2012,0.0
Iceland,2013,0.0
Iceland,2014,0.0
Iceland,2015,0.0
Iceland,2016,0.0
Iceland,2017,0.0
Iceland,2018,0.0
Iceland,2019,0.0
Iceland,2020,0.0
Iceland,2021,0.0
Iceland,2022,0.0
Iceland,2023,0.0
Iceland,2024,0.0
India,2000,25.4
India,2001,25.4
India,2002,26.6
India,2003,28.4
India,2004,30.7
India,2005,34.3
India,2006,35.9
India,2007,38.8
India,2008,40.0
India,2009,49.1
India,2010,59.0
India,2011,60.3
India,2012,55.7
India,2013,49.0
India,2014,48.5
India,2015,47.8
India,2016,50.8
India,2017,53.6
India,2018,58.0
India,2019,59.2
India,2020,60.4
India,2021,62.4
India,2022,58.3
India,2023,62.0
India,2024,70.3
Indonesia,2000,33.0
Indonesia,2001,34.1
Indonesia,2002,37.1
Indonesia,2003,39.6
Indonesia,2004,36.2
Indonesia,2005,36.4
Indonesia,2006,37.1
Indonesia,2007,34.6
Indonesia,2008,39.7
Indonesia,2009,42.1
Indonesia,2010,44.0
Indonesia,2011,42.7
Indonesia,2012,47.0
Indonesia,2013,43.8
Indonesia,2014,44.1
Indonesia,2015,46.9
Indonesia,2016,44.0
Indonesia,2017,50.0
Indonesia,2018,43.1
Indonesia,2019,40.7
Indonesia,2020,37.7
Indonesia,2021,40.8
Indonesia,2022,39.8
Indonesia,2023,43.4
Indonesia,2024,47.3
Iran,2000,59.4
Iran,2001,66.5
Iran,2002,78.2
Iran,2003,80.3
Iran,2004,93.3
Iran,2005,97.0
Iran,2006,105.8
Iran,2007,118.6
Iran,2008,125.8
Iran,2009,134.8
Iran,2010,144.4
Iran,2011,153.2
Iran,2012,152.5
Iran,2013,153.8
Iran,2014,173.4
Iran,2015,184.0
Iran,2016,196.3
Iran,2017,205.0
Iran,2018,212.6
Iran,2019,218.4
Iran,2020,236.8
Iran,2021,229.5
Iran,2022,239.4
Iran,2023,246.6
Iran,2024,245.4
Iraq,2000,3.0
Iraq,2001,2.6
Iraq,2002,2.2
Iraq,2003,1.5
Iraq,2004,1.0
Iraq,2005,1.4
Iraq,2006,1.4
Iraq,2007,4.5
Iraq,2008,6.5
Iraq,2009,6.9
Iraq,2010,7.1
Iraq,2011,6.3
Iraq,2012,6.3
Iraq,2013,7.1
Iraq,2014,7.5
Iraq,2015,7.3
Iraq,2016,9.9
Iraq,2017,11.4
Iraq,2018,14.6
Iraq,2019,19.5
Iraq,2020,18.5
Iraq,2021,16.4
Iraq,2022,18.4
Iraq,2023,19.2
Iraq,2024,19.8
Ireland,2000,4.0
Ireland,2001,4.2
Ireland,2002,4.3
Ireland,2003,4.3
Ireland,2004,4.2
Ireland,2005,4.0
Ireland,2006,4.6
Ireland,2007,5.0
Ireland,2008,5.2
Ireland,2009,5.0
Ireland,2010,5.5
Ireland,2011,4.8
Ireland,2012,4.7
Ireland,2013,4.5
Ireland,2014,4.3
Ireland,2015,4.4
Ireland,2016,4.9
Ireland,2017,5.0
Ireland,2018,5.2
Ireland,2019,5.3
Ireland,2020,5.3
Ireland,2021,5.1
Ireland,2022,5.2
Ireland,2023,4.8
Ireland,2024,5.0
Israel,2000,0.0
Israel,2001,0.0
Israel,2002,0.0
Israel,2003,0.0
Israel,2004,1.1
Israel,2005,1.6
Israel,2006,2.2
Israel,2007,2.6
Israel,2008,3.6
Israel,2009,4.0
Israel,2010,5.1
Israel,2011,4.7
Israel,2012,2.4
Israel,2013,6.6
Israel,2014,7.2
Israel,2015,8.0
Israel,2016,9.2
Israel,2017,9.8
Israel,2018,10.6
Israel,2019,10.7
Israel,2020,11.3
Israel,2021,11.7
Israel,2022,12.1
Israel,2023,10.5
Israel,2024,10.4
Italy,2000,67.9
Italy,2001,68.1
Italy,2002,67.6
Italy,2003,74.5
Italy,2004,77.3
Italy,2005,82.8
Italy,2006,81.1
Italy,2007,81.5
Italy,2008,80.9
Italy,2009,74.3
Italy,2010,79.1
Italy,2011,74.2
Italy,2012,71.4
Italy,2013,66.7
Italy,2014,59.0
Italy,2015,64.3
Italy,2016,67.5
Italy,2017,71.6
Italy,2018,69.2
Italy,2019,70.8
Italy,2020,67.6
Italy,2021,72.4
Italy,2022,65.2
Italy,2023,58.6
Italy,2024,58.9
Japan,2000,75.7
Japan,2001,77.7
Japan,2002,76.0
Japan,2003,83.5
Japan,2004,80.6
Japan,2005,82.7
Japan,2006,88.6
Japan,2007,95.4
Japan,2008,99.1
Japan,2009,92.5
Japan,2010,99.9
Japan,2011,112.0
Japan,2012,123.2
Japan,2013,123.5
Japan,2014,124.8
Japan,2015,118.7
Japan,2016,116.4
Japan,2017,117.0
Japan,2018,115.7
Japan,2019,108.1
Japan,2020,104.1
Japan,2021,102.7
Japan,2022,99.5
Japan,2023,91.6
Japan,2024,90.9
Kazakhstan,2000,4.8
Kazakhstan,2001,4.1
Kazakhstan,2002,4.1
Kazakhstan,2003,4.7
Kazakhstan,2004,5.2
Kazakhstan,2005,6.1
Kazakhstan,2006,6.7
Kazakhstan,2007,8.1
Kazakhstan,2008,8.6
Kazakhstan,2009,8.1
Kazakhstan,2010,8.8
Kazakhstan,2011,9.9
Kazakhstan,2012,10.7
Kazakhstan,2013,11.2
Kazakhstan,2014,14.8
Kazakhstan,2015,13.8
Kazakhstan,2016,15.0
Kazakhstan,2017,16.7
Kazakhstan,2018,16.7
Kazakhstan,2019,19.7
Kazakhstan,2020,17.7
Kazakhstan,2021,21.6
Kazakhstan,2022,21.3
Kazakhstan,2023,20.0
Kazakhstan,2024,20.7
Kuwait,2000,9.1
Kuwait,2001,9.0
Kuwait,2002,8.3
Kuwait,2003,9.5
Kuwait,2004,10.4
Kuwait,2005,11.7
Kuwait,2006,11.8
Kuwait,2007,10.7
Kuwait,2008,12.1
Kuwait,2009,11.8
Kuwait,2010,14.0
Kuwait,2011,15.9
Kuwait,2012,17.5
Kuwait,2013,17.8
Kuwait,2014,17.9
Kuwait,2015,20.3
Kuwait,2016,21.1
Kuwait,2017,21.0
Kuwait,2018,21.2
Kuwait,2019,18.4
Kuwait,2020,17.9
Kuwait,2021,19.8
Kuwait,2022,21.7
Kuwait,2023,23.7
Kuwait,2024,24.6
Latvia,2000,1.3
Latvia,2001,1.3
Latvia,2002,1.5
Latvia,2003,1.5
Latvia,2004,1.7
Latvia,2005,1.6
Latvia,2006,1.7
Latvia,2007,1.6
Latvia,2008,1.6
Latvia,2009,1.4
Latvia,2010,1.7
Latvia,2011,1.5
Latvia,2012,1.4
Latvia,2013,1.4
Latvia,2014,1.3
Latvia,2015,1.3
Latvia,2016,1.3
Latvia,2017,1.2
Latvia,2018,1.4
Latvia,2019,1.3
Latvia,2020,1.1
Latvia,2021,1.2
Latvia,2022,0.8
Latvia,2023,0.8
Latvia,2024,0.8
Lithuania,2000,2.4
Lithuania,2001,2.5
Lithuania,2002,2.5
Lithuania,2003,2.7
Lithuania,2004,2.7
Lithuania,2005,2.9
Lithuania,2006,2.9
Lithuania,2007,3.4
Lithuania,2008,3.0
Lithuania,2009,2.5
Lithuania,2010,2.9
Lithuania,2011,3.2
Lithuania,2012,3.1
Lithuania,2013,2.5
Lithuania,2014,2.4
Lithuania,2015,2.4
Lithuania,2016,2.1
Lithuania,2017,2.2
Lithuania,2018,2.2
Lithuania,2019,2.2
Lithuania,2020,2.4
Lithuania,2021,2.2
Lithuania,2022,1.6
Lithuania,2023,1.6
Lithuania,2024,1.7
Luxembourg,2000,0.8
Luxembourg,2001,0.9
Luxembourg,2002,1.2
Luxembourg,2003,1.3
Luxembourg,2004,1.4
Luxembourg,2005,1.4
Luxembourg,2006,1.4
Luxembourg,2007,1.3
Luxembourg,2008,1.3
Luxembourg,2009,1.3
Luxembourg,2010,1.4
Luxembourg,2011,1.2
Luxembourg,2012,1.2
Luxembourg,2013,1.0
Luxembourg,2014,1.0
Luxembourg,2015,0.9
Luxembourg,2016,0.8
Luxembourg,2017,0.8
Luxembourg,2018,0.8
Luxembourg,2019,0.8
Luxembourg,2020,0.7
Luxembourg,2021,0.8
Luxembourg,2022,0.6
Luxembourg,2023,0.6
Luxembourg,2024,0.6
Malaysia,2000,28.8
Malaysia,2001,27.7
Malaysia,2002,28.1
Malaysia,2003,30.3
Malaysia,2004,32.7
Malaysia,2005,37.4
Malaysia,2006,38.9
Malaysia,2007,40.4
Malaysia,2008,43.5
Malaysia,2009,40.0
Malaysia,2010,38.0
Malaysia,2011,38.3
Malaysia,2012,42.0
Malaysia,2013,44.6
Malaysia,2014,44.7
Malaysia,2015,46.8
Malaysia,2016,45.0
Malaysia,2017,45.0
Malaysia,2018,44.7
Malaysia,2019,45.2
Malaysia,2020,43.6
Malaysia,2021,51.4
Malaysia,2022,51.9
Malaysia,2023,43.8
Malaysia,2024,46.2
Mexico,2000,35.9
Mexico,2001,36.2
Mexico,2002,41.1
Mexico,2003,44.5
Mexico,2004,48.0
Mexico,2005,52.7
Mexico,2006,58.3
Mexico,2007,57.0
Mexico,2008,60.0
Mexico,2009,65.2
Mexico,2010,66.0
Mexico,2011,70.8
Mexico,2012,73.7
Mexico,2013,77.8
Mexico,2014,78.8
Mexico,2015,80.8
Mexico,2016,85.3
Mexico,2017,89.7
Mexico,2018,92.2
Mexico,2019,95.3
Mexico,2020,95.1
Mexico,2021,93.9
Mexico,2022,93.3
Mexico,2023,100.5
Mexico,2024,100.3
Morocco,2000,0.0
Morocco,2001,0.0
Morocco,2002,0.1
Morocco,2003,0.1
Morocco,2004,0.1
Morocco,2005,0.4
Morocco,2006,0.6
Morocco,2007,0.6
Morocco,2008,0.6
Morocco,2009,0.7
Morocco,2010,0.7
Morocco,2011,0.9
Morocco,2012,1.2
Morocco,2013,1.2
Morocco,2014,1.2
Morocco,2015,1.2
Morocco,2016,1.2
Morocco,2017,1.2
Morocco,2018,1.1
Morocco,2019,1.0
Morocco,2020,0.8
Morocco,2021,0.8
Morocco,2022,0.2
Morocco,2023,0.9
Morocco,2024,0.9
Netherlands,2000,41.0
Netherlands,2001,41.8
Netherlands,2002,41.4
Netherlands,2003,41.7
Netherlands,2004,42.7
Netherlands,2005,41.5
Netherlands,2006,39.8
Netherlands,2007,38.8
Netherlands,2008,40.4
Netherlands,2009,41.4
Netherlands,2010,46.8
Netherlands,2011,40.9
Netherlands,2012,39.3
Netherlands,2013,39.1
Netherlands,2014,34.3
Netherlands,2015,33.8
Netherlands,2016,35.2
Netherlands,2017,36.3
Netherlands,2018,35.6
Netherlands,2019,37.2
Netherlands,2020,36.1
Netherlands,2021,34.9
Netherlands,2022,27.5
Netherlands,2023,25.9
Netherlands,2024,26.1
New Zealand,2000,5.9
New Zealand,2001,6.2
New Zealand,2002,5.9
New Zealand,2003,4.5
New Zealand,2004,4.1
New Zealand,2005,3.8
New Zealand,2006,3.8
New Zealand,2007,4.2
New Zealand,2008,3.9
New Zealand,2009,4.0
New Zealand,2010,4.4
New Zealand,2011,4.0
New Zealand,2012,4.5
New Zealand,2013,4.7
New Zealand,2014,5.2
New Zealand,2015,4.8
New Zealand,2016,4.8
New Zealand,2017,5.0
New Zealand,2018,4.5
New Zealand,2019,4.8
New Zealand,2020,4.6
New Zealand,2021,3.9
New Zealand,2022,3.7
New Zealand,2023,3.9
New Zealand,2024,3.0
North Macedonia,2000,0.1
North Macedonia,2001,0.1
North Macedonia,2002,0.1
North Macedonia,2003,0.1
North Macedonia,2004,0.1
North Macedonia,2005,0.1
North Macedonia,2006,0.1
North Macedonia,2007,0.1
North Macedonia,2008,0.1
North Macedonia,2009,0.1
North Macedonia,2010,0.1
North Macedonia,2011,0.1
North Macedonia,2012,0.1
North Macedonia,2013,0.2
North Macedonia,2014,0.1
North Macedonia,2015,0.1
North Macedonia,2016,0.2
North Macedonia,2017,0.3
North Macedonia,2018,0.2
North Macedonia,2019,0.3
North Macedonia,2020,0.3
North Macedonia,2021,0.4
North Macedonia,2022,0.3
North Macedonia,2023,0.4
North Macedonia,2024,0.3
Norway,2000,4.2
Norway,2001,3.9
Norway,2002,4.2
Norway,2003,4.5
Norway,2004,4.8
Norway,2005,4.4
Norway,2006,4.3
Norway,2007,4.2
Norway,2008,4.2
Norway,2009,4.0
Norway,2010,4.0
Norway,2011,4.0
Norway,2012,4.0
Norway,2013,3.9
Norway,2014,4.2
Norway,2015,4.5
Norway,2016,4.3
Norway,2017,4.5
Norway,2018,4.4
Norway,2019,4.5
Norway,2020,4.4
Norway,2021,4.2
Norway,2022,3.9
Norway,2023,3.8
Norway,2024,3.4
Oman,2000,7.7
Oman,2001,8.4
Oman,2002,8.6
Oman,2003,9.3
Oman,2004,10.0
Oman,2005,10.9
Oman,2006,12.1
Oman,2007,12.1
Oman,2008,13.4
Oman,2009,13.5
Oman,2010,16.4
Oman,2011,18.1
Oman,2012,19.7
Oman,2013,21.7
Oman,2014,21.3
Oman,2015,23.1
Oman,2016,22.9
Oman,2017,23.4
Oman,2018,25.0
Oman,2019,25.0
Oman,2020,26.0
Oman,2021,28.5
Oman,2022,29.2
Oman,2023,30.2
Oman,2024,31.7
Pakistan,2000,18.0
Pakistan,2001,19.0
Pakistan,2002,20.5
Pakistan,2003,25.6
Pakistan,2004,30.7
Pakistan,2005,32.6
Pakistan,2006,33.3
Pakistan,2007,33.8
Pakistan,2008,34.6
Pakistan,2009,34.7
Pakistan,2010,35.3
Pakistan,2011,35.3
Pakistan,2012,36.6
Pakistan,2013,35.6
Pakistan,2014,35.0
Pakistan,2015,36.5
Pakistan,2016,38.7
Pakistan,2017,40.7
Pakistan,2018,43.6
Pakistan,2019,44.5
Pakistan,2020,41.2
Pakistan,2021,44.9
Pakistan,2022,38.2
Pakistan,2023,37.8
Pakistan,2024,37.1
Peru,2000,0.3
Peru,2001,0.4
Peru,2002,0.4
Peru,2003,0.5
Peru,2004,0.8
Peru,2005,1.5
Peru,2006,1.7
Peru,2007,2.6
Peru,2008,3.3
Peru,2009,3.3
Peru,2010,5.4
Peru,2011,6.3
Peru,2012,6.9
Peru,2013,6.7
Peru,2014,7.4
Peru,2015,7.6
Peru,2016,8.5
Peru,2017,7.5
Peru,2018,8.0
Peru,2019,8.2
Peru,2020,8.2
Peru,2021,8.9
Peru,2022,9.8
Peru,2023,10.1
Peru,2024,11.3
Philippines,2000,0.0
Philippines,2001,0.1
Philippines,2002,1.7
Philippines,2003,2.6
Philippines,2004,2.4
Philippines,2005,3.1
Philippines,2006,2.9
Philippines,2007,3.5
Philippines,2008,3.7
Philippines,2009,3.7
Philippines,2010,3.5
Philippines,2011,3.8
Philippines,2012,3.6
Philippines,2013,3.4
Philippines,2014,3.5
Philippines,2015,3.3
Philippines,2016,3.8
Philippines,2017,3.8
Philippines,2018,4.1
Philippines,2019,4.2
Philippines,2020,3.8
Philippines,2021,3.3
Philippines,2022,3.1
Philippines,2023,3.2
Philippines,2024,3.4
Poland,2000,11.6
Poland,2001,12.1
Poland,2002,11.8
Poland,2003,13.1
Poland,2004,13.8
Poland,2005,14.2
Poland,2006,14.4
Poland,2007,14.4
Poland,2008,15.6
Poland,2009,15.1
Poland,2010,16.2
Poland,2011,16.5
Poland,2012,17.4
Poland,2013,17.4
Poland,2014,17.0
Poland,2015,17.1
Poland,2016,18.3
Poland,2017,19.2
Poland,2018,19.9
Poland,2019,20.9
Poland,2020,21.1
Poland,2021,22.4
Poland,2022,18.6
Poland,2023,19.4
Poland,2024,21.0
Portugal,2000,2.3
Portugal,2001,2.6
Portugal,2002,3.1
Portugal,2003,3.0
Portugal,2004,3.8
Portugal,2005,4.3
Portugal,2006,4.1
Portugal,2007,4.4
Portugal,2008,4.8
Portugal,2009,4.8
Portugal,2010,5.2
Portugal,2011,5.3
Portugal,2012,4.6
Portugal,2013,4.3
Portugal,2014,4.1
Portugal,2015,4.8
Portugal,2016,5.1
Portugal,2017,6.3
Portugal,2018,5.8
Portugal,2019,6.1
Portugal,2020,6.0
Portugal,2021,5.8
Portugal,2022,5.6
Portugal,2023,4.5
Portugal,2024,3.7
Qatar,2000,11.3
Qatar,2001,10.5
Qatar,2002,13.4
Qatar,2003,13.1
Qatar,2004,15.7
Qatar,2005,17.9
Qatar,2006,18.8
Qatar,2007,21.6
Qatar,2008,21.1
Qatar,2009,21.3
Qatar,2010,25.4
Qatar,2011,29.1
Qatar,2012,34.0
Qatar,2013,35.4
Qatar,2014,38.0
Qatar,2015,43.5
Qatar,2016,41.7
Qatar,2017,41.1
Qatar,2018,41.7
Qatar,2019,41.5
Qatar,2020,38.6
Qatar,2021,40.3
Qatar,2022,40.1
Qatar,2023,43.8
Qatar,2024,46.5
Romania,2000,15.9
Romania,2001,15.3
Romania,2002,15.9
Romania,2003,17.1
Romania,2004,16.2
Romania,2005,16.2
Romania,2006,16.5
Romania,2007,14.8
Romania,2008,14.1
Romania,2009,12.3
Romania,2010,12.5
Romania,2011,12.9
Romania,2012,12.5
Romania,2013,11.4
Romania,2014,10.9
Romania,2015,10.4
Romania,2016,10.5
Romania,2017,11.3
Romania,2018,11.6
Romania,2019,10.8
Romania,2020,11.3
Romania,2021,11.6
Romania,2022,9.7
Romania,2023,9.1
Romania,2024,9.5
Russian Federation,2000,366.2
Russian Federation,2001,372.2
Russian Federation,2002,376.7
Russian Federation,2003,385.6
Russian Federation,2004,395.6
Russian Federation,2005,400.4
Russian Federation,2006,421.7
Russian Federation,2007,428.8
Russian Federation,2008,422.7
Russian Federation,2009,397.8
Russian Federation,2010,423.9
Russian Federation,2011,435.6
Russian Federation,2012,428.6
Russian Federation,2013,424.9
Russian Federation,2014,422.2
Russian Federation,2015,408.7
Russian Federation,2016,420.6
Russian Federation,2017,431.1
Russian Federation,2018,454.5
Russian Federation,2019,444.3
Russian Federation,2020,423.5
Russian Federation,2021,431.5
Russian Federation,2022,448.4
Russian Federation,2023,453.4
Russian Federation,2024,477.0
Saudi Arabia,2000,47.3
Saudi Arabia,2001,51.0
Saudi Arabia,2002,53.9
Saudi Arabia,2003,57.1
Saudi Arabia,2004,62.4
Saudi Arabia,2005,67.7
Saudi Arabia,2006,69.8
Saudi Arabia,2007,70.7
Saudi Arabia,2008,76.4
Saudi Arabia,2009,74.5
Saudi Arabia,2010,83.3
Saudi Arabia,2011,87.6
Saudi Arabia,2012,94.4
Saudi Arabia,2013,95.0
Saudi Arabia,2014,97.3
Saudi Arabia,2015,99.2
Saudi Arabia,2016,105.3
Saudi Arabia,2017,109.3
Saudi Arabia,2018,112.1
Saudi Arabia,2019,111.2
Saudi Arabia,2020,113.1
Saudi Arabia,2021,114.5
Saudi Arabia,2022,116.7
Saudi Arabia,2023,117.4
Saudi Arabia,2024,121.5
Singapore,2000,1.7
Singapore,2001,4.4
Singapore,2002,4.7
Singapore,2003,5.1
Singapore,2004,6.2
Singapore,2005,6.2
Singapore,2006,8.1
Singapore,2007,8.1
Singapore,2008,8.7
Singapore,2009,9.2
Singapore,2010,8.3
Singapore,2011,8.3
Singapore,2012,8.9
Singapore,2013,10.0
Singapore,2014,10.4
Singapore,2015,11.6
Singapore,2016,11.9
Singapore,2017,12.3
Singapore,2018,12.3
Singapore,2019,12.5
Singapore,2020,12.6
Singapore,2021,13.4
Singapore,2022,13.1
Singapore,2023,12.3
Singapore,2024,13.0
Slovakia,2000,6.7
Slovakia,2001,7.2
Slovakia,2002,6.8
Slovakia,2003,6.6
Slovakia,2004,6.4
Slovakia,2005,6.9
Slovakia,2006,6.3
Slovakia,2007,5.9
Slovakia,2008,6.0
Slovakia,2009,5.1
Slovakia,2010,5.8
Slovakia,2011,5.4
Slovakia,2012,5.1
Slovakia,2013,5.3
Slovakia,2014,4.4
Slovakia,2015,4.5
Slovakia,2016,4.5
Slovakia,2017,4.8
Slovakia,2018,4.7
Slovakia,2019,4.8
Slovakia,2020,4.8
Slovakia,2021,5.3
Slovakia,2022,4.4
Slovakia,2023,4.2
Slovakia,2024,4.3
Slovenia,2000,1.0
Slovenia,2001,1.0
Slovenia,2002,1.0
Slovenia,2003,1.1
Slovenia,2004,1.0
Slovenia,2005,1.1
Slovenia,2006,1.0
Slovenia,2007,1.1
Slovenia,2008,1.0
Slovenia,2009,1.0
Slovenia,2010,1.0
Slovenia,2011,0.9
Slovenia,2012,0.8
Slovenia,2013,0.8
Slovenia,2014,0.7
Slovenia,2015,0.8
Slovenia,2016,0.8
Slovenia,2017,0.9
Slovenia,2018,0.9
Slovenia,2019,0.9
Slovenia,2020,0.9
Slovenia,2021,0.9
Slovenia,2022,0.8
Slovenia,2023,0.8
Slovenia,2024,0.8
South Korea,2000,19.8
South Korea,2001,21.8
South Korea,2002,24.2
South Korea,2003,25.3
South Korea,2004,29.7
South Korea,2005,31.8
South Korea,2006,33.5
South Korea,2007,36.3
South Korea,2008,37.3
South Korea,2009,35.5
South Korea,2010,45.0
South Korea,2011,48.4
South Korea,2012,52.5
South Korea,2013,55.0
South Korea,2014,50.0
South Korea,2015,45.6
South Korea,2016,47.6
South Korea,2017,49.8
South Korea,2018,57.8
South Korea,2019,56.0
South Korea,2020,57.5
South Korea,2021,62.4
South Korea,2022,62.4
South Korea,2023,60.1
South Korea,2024,63.6
Spain,2000,17.7
Spain,2001,19.1
Spain,2002,21.8
Spain,2003,24.8
Spain,2004,29.3
Spain,2005,34.7
Spain,2006,36.3
Spain,2007,37.0
Spain,2008,40.6
Spain,2009,36.3
Spain,2010,36.2
Spain,2011,33.6
Spain,2012,33.2
Spain,2013,30.3
Spain,2014,27.5
Spain,2015,28.5
Spain,2016,29.1
Spain,2017,31.7
Spain,2018,31.5
Spain,2019,36.0
Spain,2020,32.5
Spain,2021,34.3
Spain,2022,33.0
Spain,2023,29.5
Spain,2024,28.4
Sri Lanka,2000,0.0
Sri Lanka,2001,0.0
Sri Lanka,2002,0.0
Sri Lanka,2003,0.0
Sri Lanka,2004,0.0
Sri Lanka,2005,0.0
Sri Lanka,2006,0.0
Sri Lanka,2007,0.0
Sri Lanka,2008,0.0
Sri Lanka,2009,0.0
Sri Lanka,2010,0.0
Sri Lanka,2011,0.0
Sri Lanka,2012,0.0
Sri Lanka,2013,0.0
Sri Lanka,2014,0.0
Sri Lanka,2015,0.0
Sri Lanka,2016,0.0
Sri Lanka,2017,0.0
Sri Lanka,2018,0.0
Sri Lanka,2019,0.0
Sri Lanka,2020,0.0
Sri Lanka,2021,0.0
Sri Lanka,2022,0.0
Sri Lanka,2023,0.0
Sri Lanka,2024,0.0
Sweden,2000,0.8
Sweden,2001,0.9
Sweden,2002,0.9
Sweden,2003,0.9
Sweden,2004,0.9
Sweden,2005,0.9
Sweden,2006,0.9
Sweden,2007,0.9
Sweden,2008,0.9
Sweden,2009,1.1
Sweden,2010,1.5
Sweden,2011,1.2
Sweden,2012,1.1
Sweden,2013,1.0
Sweden,2014,0.8
Sweden,2015,0.9
Sweden,2016,1.0
Sweden,2017,1.0
Sweden,2018,1.0
Sweden,2019,1.0
Sweden,2020,1.0
Sweden,2021,1.1
Sweden,2022,0.8
Sweden,2023,0.9
Sweden,2024,1.0
Switzerland,2000,2.8
Switzerland,2001,2.9
Switzerland,2002,2.9
Switzerland,2003,3.1
Switzerland,2004,3.2
Switzerland,2005,3.2
Switzerland,2006,3.1
Switzerland,2007,3.1
Switzerland,2008,3.3
Switzerland,2009,3.1
Switzerland,2010,3.5
Switzerland,2011,3.1
Switzerland,2012,3.4
Switzerland,2013,3.6
Switzerland,2014,3.1
Switzerland,2015,3.3
Switzerland,2016,3.5
Switzerland,2017,3.5
Switzerland,2018,3.3
Switzerland,2019,3.4
Switzerland,2020,3.4
Switzerland,2021,2.8
Switzerland,2022,3.7
Switzerland,2023,3.4
Switzerland,2024,3.4
Taiwan,2000,6.8
Taiwan,2001,7.3
Taiwan,2002,8.2
Taiwan,2003,8.4
Taiwan,2004,10.2
Taiwan,2005,10.3
Taiwan,2006,11.1
Taiwan,2007,11.7
Taiwan,2008,12.8
Taiwan,2009,12.5
Taiwan,2010,15.5
Taiwan,2011,17.0
Taiwan,2012,17.9
Taiwan,2013,17.9
Taiwan,2014,18.9
Taiwan,2015,20.2
Taiwan,2016,21.0
Taiwan,2017,23.2
Taiwan,2018,23.7
Taiwan,2019,23.3
Taiwan,2020,24.9
Taiwan,2021,27.3
Taiwan,2022,28.1
Taiwan,2023,27.9
Taiwan,2024,29.6
Thailand,2000,21.2
Thailand,2001,24.6
Thailand,2002,26.7
Thailand,2003,28.4
Thailand,2004,29.8
Thailand,2005,32.1
Thailand,2006,33.0
Thailand,2007,35.2
Thailand,2008,36.9
Thailand,2009,38.1
Thailand,2010,43.2
Thailand,2011,44.3
Thailand,2012,48.6
Thailand,2013,48.9
Thailand,2014,49.9
Thailand,2015,51.0
Thailand,2016,50.6
Thailand,2017,50.1
Thailand,2018,50.0
Thailand,2019,50.9
Thailand,2020,46.9
Thailand,2021,47.0
Thailand,2022,44.3
Thailand,2023,47.2
Thailand,2024,48.2
Trinidad & Tobago,2000,10.2
Trinidad & Tobago,2001,10.9
Trinidad & Tobago,2002,12.2
Trinidad & Tobago,2003,13.5
Trinidad & Tobago,2004,14.9
Trinidad & Tobago,2005,16.4
Trinidad & Tobago,2006,19.3
Trinidad & Tobago,2007,19.6
Trinidad & Tobago,2008,19.2
Trinidad & Tobago,2009,19.1
Trinidad & Tobago,2010,20.7
Trinidad & Tobago,2011,20.5
Trinidad & Tobago,2012,20.2
Trinidad & Tobago,2013,20.4
Trinidad & Tobago,2014,20.5
Trinidad & Tobago,2015,19.6
Trinidad & Tobago,2016,16.9
Trinidad & Tobago,2017,18.3
Trinidad & Tobago,2018,17.4
Trinidad & Tobago,2019,17.5
Trinidad & Tobago,2020,15.2
Trinidad & Tobago,2021,15.6
Trinidad & Tobago,2022,15.5
Trinidad & Tobago,2023,14.5
Trinidad & Tobago,2024,14.1
Turkey,2000,13.9
Turkey,2001,15.3
Turkey,2002,16.6
Turkey,2003,20.0
Turkey,2004,21.2
Turkey,2005,25.7
Turkey,2006,29.2
Turkey,2007,33.9
Turkey,2008,35.3
Turkey,2009,33.7
Turkey,2010,35.8
Turkey,2011,41.8
Turkey,2012,43.3
Turkey,2013,44.0
Turkey,2014,46.6
Turkey,2015,46.0
Turkey,2016,44.5
Turkey,2017,51.6
Turkey,2018,47.2
Turkey,2019,43.4
Turkey,2020,46.2
Turkey,2021,57.3
Turkey,2022,50.9
Turkey,2023,48.1
Turkey,2024,50.9
Turkmenistan,2000,7.2
Turkmenistan,2001,10.5
Turkmenistan,2002,7.5
Turkmenistan,2003,11.6
Turkmenistan,2004,11.5
Turkmenistan,2005,11.6
Turkmenistan,2006,12.0
Turkmenistan,2007,11.2
Turkmenistan,2008,7.9
Turkmenistan,2009,17.1
Turkmenistan,2010,18.3
Turkmenistan,2011,20.7
Turkmenistan,2012,22.9
Turkmenistan,2013,19.3
Turkmenistan,2014,20.0
Turkmenistan,2015,25.4
Turkmenistan,2016,25.1
Turkmenistan,2017,24.8
Turkmenistan,2018,28.4
Turkmenistan,2019,27.7
Turkmenistan,2020,34.3
Turkmenistan,2021,35.8
Turkmenistan,2022,37.5
Turkmenistan,2023,35.3
Turkmenistan,2024,28.5
US,2000,628.4
US,2001,600.7
US,2002,620.1
US,2003,602.2
US,2004,604.6
US,2005,595.2
US,2006,586.6
US,2007,624.1
US,2008,628.9
US,2009,617.6
US,2010,648.2
US,2011,658.2
US,2012,688.1
US,2013,707.0
US,2014,722.3
US,2015,743.6
US,2016,749.1
US,2017,739.8
US,2018,822.0
US,2019,851.0
US,2020,835.3
US,2021,836.4
US,2022,880.4
US,2023,888.4
US,2024,902.2
USSR,2000,0.0
USSR,2001,0.0
USSR,2002,0.0
USSR,2003,0.0
USSR,2004,0.0
USSR,2005,0.0
USSR,2006,0.0
USSR,2007,0.0
USSR,2008,0.0
USSR,2009,0.0
USSR,2010,0.0
USSR,2011,0.0
USSR,2012,0.0
USSR,2013,0.0
USSR,2014,0.0
USSR,2015,0.0
USSR,2016,0.0
USSR,2017,0.0
USSR,2018,0.0
USSR,2019,0.0
USSR,2020,0.0
USSR,2021,0.0
USSR,2022,0.0
USSR,2023,0.0
USSR,2024,0.0
Ukraine,2000,74.2
Ukraine,2001,71.9
Ukraine,2002,70.8
Ukraine,2003,72.2
Ukraine,2004,71.6
Ukraine,2005,72.2
Ukraine,2006,70.0
Ukraine,2007,66.1
Ukraine,2008,62.7
Ukraine,2009,48.9
Ukraine,2010,54.6
Ukraine,2011,56.1
Ukraine,2012,51.8
Ukraine,2013,47.7
Ukraine,2014,40.3
Ukraine,2015,32.0
Ukraine,2016,31.4
Ukraine,2017,30.2
Ukraine,2018,30.6
Ukraine,2019,28.3
Ukraine,2020,29.3
Ukraine,2021,27.3
Ukraine,2022,18.3
Ukraine,2023,18.7
Ukraine,2024,19.9
United Arab Emirates,2000,30.6
United Arab Emirates,2001,31.5
United Arab Emirates,2002,35.5
United Arab Emirates,2003,36.9
United Arab Emirates,2004,39.2
United Arab Emirates,2005,41.0
United Arab Emirates,2006,42.3
United Arab Emirates,2007,47.9
United Arab Emirates,2008,58.0
United Arab Emirates,2009,57.6
United Arab Emirates,2010,59.3
United Arab Emirates,2011,61.6
United Arab Emirates,2012,63.9
United Arab Emirates,2013,64.6
United Arab Emirates,2014,63.9
United Arab Emirates,2015,71.3
United Arab Emirates,2016,71.5
United Arab Emirates,2017,65.7
United Arab Emirates,2018,58.1
United Arab Emirates,2019,67.0
United Arab Emirates,2020,67.7
United Arab Emirates,2021,65.3
United Arab Emirates,2022,66.4
United Arab Emirates,2023,67.0
United Arab Emirates,2024,71.3
United Kingdom,2000,101.3
United Kingdom,2001,100.9
United Kingdom,2002,99.5
United Kingdom,2003,99.8
United Kingdom,2004,102.0
United Kingdom,2005,99.4
United Kingdom,2006,94.3
United Kingdom,2007,95.3
United Kingdom,2008,97.8
United Kingdom,2009,91.2
United Kingdom,2010,98.5
United Kingdom,2011,81.9
United Kingdom,2012,76.9
United Kingdom,2013,76.3
United Kingdom,2014,70.1
United Kingdom,2015,72.0
United Kingdom,2016,79.9
United Kingdom,2017,78.2
United Kingdom,2018,78.8
United Kingdom,2019,77.9
United Kingdom,2020,73.5
United Kingdom,2021,77.0
United Kingdom,2022,70.5
United Kingdom,2023,63.6
United Kingdom,2024,61.9
Uzbekistan,2000,48.7
Uzbekistan,2001,49.1
Uzbekistan,2002,50.5
Uzbekistan,2003,45.5
Uzbekistan,2004,46.0
Uzbekistan,2005,46.9
Uzbekistan,2006,43.3
Uzbekistan,2007,46.8
Uzbekistan,2008,44.1
Uzbekistan,2009,44.1
Uzbekistan,2010,44.0
Uzbekistan,2011,47.4
Uzbekistan,2012,46.2
Uzbekistan,2013,46.2
Uzbekistan,2014,48.5
Uzbekistan,2015,46.3
Uzbekistan,2016,43.3
Uzbekistan,2017,44.8
Uzbekistan,2018,44.4
Uzbekistan,2019,44.6
Uzbekistan,2020,43.6
Uzbekistan,2021,47.4
Uzbekistan,2022,48.2
Uzbekistan,2023,46.9
Uzbekistan,2024,54.6
Venezuela,2000,31.0
Venezuela,2001,32.8
Venezuela,2002,31.5
Venezuela,2003,28.0
Venezuela,2004,31.5
Venezuela,2005,30.4
Venezuela,2006,34.9
Venezuela,2007,37.3
Venezuela,2008,34.9
Venezuela,2009,34.2
Venezuela,2010,31.3
Venezuela,2011,33.3
Venezuela,2012,34.6
Venezuela,2013,32.3
Venezuela,2014,34.0
Venezuela,2015,37.0
Venezuela,2016,37.2
Venezuela,2017,38.6
Venezuela,2018,31.6
Venezuela,2019,25.6
Venezuela,2020,21.6
Venezuela,2021,28.1
Venezuela,2022,29.1
Venezuela,2023,29.7
Venezuela,2024,31.7
Vietnam,2000,1.5
Vietnam,2001,1.9
Vietnam,2002,2.3
Vietnam,2003,2.3
Vietnam,2004,4.0
Vietnam,2005,6.2
Vietnam,2006,6.8
Vietnam,2007,6.8
Vietnam,2008,7.2
Vietnam,2009,7.7
Vietnam,2010,9.1
Vietnam,2011,8.2
Vietnam,2012,9.0
Vietnam,2013,9.4
Vietnam,2014,9.9
Vietnam,2015,10.3
Vietnam,2016,10.2
Vietnam,2017,9.5
Vietnam,2018,9.7
Vietnam,2019,9.8
Vietnam,2020,8.8
Vietnam,2021,7.2
Vietnam,2022,7.8
Vietnam,2023,7.2
Vietnam,2024,6.1
