TerminalID,ProjectID,Wiki,TerminalName,UnitName,FacilityType,Status,Country,Owner,Parent,Capacity,CapacityUnits,CapacityInMtpa,CapacityInBcm/y,StartYear1,StartMonth1,StartYear2,StartYear3,StopYear,ShelvedYear,CancelledYear,Location,Region,LastUpdated,问题类型,优先级
T0924,0,https://www.gem.wiki/Port_of_Vlora_FSRU,Port of Vlora FSRU,,Import,Shelved,Albania,Excelerate Energy [unknown %]; ExxonMobil [unknown %]; Ministry of Infrastructure and Energy of Albania [unknown %],Excelerate Energy [unknown %]; ExxonMobil [unknown %]; Ministry of Infrastructure and Energy of Albania [unknown %],,,--,--,2023.0,,,,,2024.0,,Port of Vlora,Europe,2024/7/26,CapacityInBcm/y缺失(--),HIGH
T1117,0,https://www.gem.wiki/Clifton_Pier_LNG_Terminal,Clifton Pier LNG Terminal,,Import,Shelved,Bahamas,BPL (Bahamas Power & Light) [unknown %]; Shell [unknown %],BPL (Bahamas Power & Light) [unknown %]; Shell [unknown %],,,--,--,,,,,,,,Clifton Pier,Americas,2024/9/4,CapacityInBcm/y缺失(--),HIGH
T0930,0,https://www.gem.wiki/Imetame_LNG_Terminal,Imetame LNG Terminal,,Import,Shelved,Brazil,Imetame Energia SA [100.00%],Imetame [100.00%],,,--,--,2025.0,,,,,,,Barra do Riacho,Americas,2024/9/13,CapacityInBcm/y缺失(--),HIGH
T0856,0,https://www.gem.wiki/Puerto_de_la_Luz_LNG_Terminal,Puerto de la Luz LNG Terminal,,Import,Shelved,Canary Islands,Totisa Holdings [100.00%],Totisa Holdings [100.00%],,,--,--,2023.0,,,,,2022.0,,Las Palmas,Africa,2023/9/11,CapacityInBcm/y缺失(--),HIGH
T1106,0,https://www.gem.wiki/Dandong_LNG_Terminal,Dandong LNG Terminal,,Import,Shelved,China,Liaoning Energy Investment (Group) Co Ltd [100.00%],Liaoning Energy Industry Holding Group Co Ltd [100.00%],,,--,--,,,,,,,,Donggang,Asia,2024/1/29,CapacityInBcm/y缺失(--),HIGH
T0949,0,https://www.gem.wiki/Jiujiang_LNG_Terminal,Jiujiang LNG Terminal,,Import,Shelved,China,Jiangxi Investment Gas Co Ltd [100.00%],Jiangxi Natural Gas Group Co Ltd [54.00%]; Sinopec Natural Gas Co Ltd [46.00%],,,--,--,2023.0,,,,,,,Hukou Shawan,Asia,2024/1/29,CapacityInBcm/y缺失(--),HIGH
T0950,0,https://www.gem.wiki/Panjin_LNG_Terminal,Panjin LNG Terminal,,Import,Shelved,China,Liaoning Baoheng Oil & Natural Gas Co Ltd [unknown %]; Liaoning Energy Investment Group [unknown %]; Panjin State Owned Asset Investment Management Group Co Ltd [unknown %],Liaoning Baoheng Oil & Natural Gas Co Ltd [unknown %]; Liaoning Energy Investment Group [unknown %]; Panjin State Owned Asset Investment Management Group Co Ltd [unknown %],,,--,--,,,,,,,,Panjin Port,Asia,2024/1/29,CapacityInBcm/y缺失(--),HIGH
T0608,0,https://www.gem.wiki/West_Yantai_LNG_Terminal,West Yantai LNG Terminal,,Import,Shelved,China,PetroChina Co Ltd [unknown %]; Yantai Port Group [unknown %],PetroChina Co Ltd [unknown %]; Yantai Port Group [unknown %],,,--,--,,,,,,,,Fushan Dajijia Town,Asia,2024/1/31,CapacityInBcm/y缺失(--),HIGH
T0446,1,https://www.gem.wiki/Dunkirk_LNG_Terminal,Dunkirk LNG Terminal,Debottlenecking,Import,Operating,France,Dunkerque LNG [100.00%],Fluxys [30.38%]; Axa [15.19%]; Credit Agricole Group [15.19%]; Hanwha Investment and Securities [13.08%]; IBK Securities [13.08%]; Samsung [13.08%],0.0,mtpa,0,0,2023.0,,,,,,,Dunkirk,Europe,2024/9/10,应有产能但容量为0,HIGH
T0448,1,https://www.gem.wiki/Fos_Cavaou_LNG_Terminal,Fos Cavaou LNG Terminal,Expansion 1 (Debottlenecking),Import,Operating,France,Engie [100.00%],Engie [100.00%],0.0,bcm/y,0,0,2022.0,,,,,,,Fos-sur-Mer,Europe,2024/9/10,应有产能但容量为0,HIGH
T1141,0,https://www.gem.wiki/Mukran_FSRU,Mukran FSRU,Vessel 1,Import,Operating,Germany,Deutsche ReGas [100.00%],Deutsche ReGas [100.00%],,,--,--,2024.0,9.0,,,,,,Rügen,Europe,2024/9/11,CapacityInBcm/y缺失(--),HIGH
T0904,0,https://www.gem.wiki/Karimun_Island_LNG_Terminal,Karimun Island LNG Terminal,,Import,Shelved,Indonesia,Panbil Group [100.00%],Panbil Group [100.00%],,,--,--,2024.0,,,,,2023.0,,,Asia,2024/7/12,CapacityInBcm/y缺失(--),HIGH
T1085,0,https://www.gem.wiki/Woodside_Probolinggo_LNG_Terminal,Woodside Probolinggo LNG Terminal,,Import,Shelved,Indonesia,PT Petrogas Jatim Utama [unknown %]; Woodside Energy [unknown %],PT Petrogas Jatim Utama [unknown %]; Woodside Energy [unknown %],,,--,--,,,,,,2023.0,,Probolinggo,Asia,2024/7/12,CapacityInBcm/y缺失(--),HIGH
T0474,1,https://www.gem.wiki/Toscana_LNG_Terminal,Toscana FSRU,Expansion (Efficiency),Import,Operating,Italy,OLT Offshore LNG Toscana [100.00%],Snam [49.07%]; Mitsubishi UFJ Financial Group [48.24%]; Golar LNG [2.69%],0.0,bcm/y,0,0,2024.0,,,,,,,offshore,Europe,2024/7/26,应有产能但容量为0,HIGH
T0254,0,https://www.gem.wiki/Mombasa_LNG_Terminal,Mombasa LNG Terminal,,Import,Shelved,Kenya,Kenya Ministry Of Energy And Petroleum [100.00%],Kenya Ministry Of Energy And Petroleum [100.00%],,,--,--,,,,,,2024.0,,Mombasa,Africa,2024/7/17,CapacityInBcm/y缺失(--),HIGH
T0486,1,https://www.gem.wiki/Riga_FSRU,Riga FSRU,Revived Project,Import,Shelved,Latvia,Latvenergo [100.00%],Latvenergo [100.00%],,,--,--,,,,,,2024.0,,Riga,Europe,2024/7/24,CapacityInBcm/y缺失(--),HIGH
T0964,0,https://www.gem.wiki/Selaata_FSRU,Selaata FSRU,,Import,Shelved,Lebanon,Lebanese Ministry of Energy and Water [100.00%],Lebanese Ministry of Energy and Water [100.00%],,,--,--,,,,,,2022.0,,Selaata,Asia,2024/5/30,CapacityInBcm/y缺失(--),HIGH
T0965,0,https://www.gem.wiki/Zahrani_FSRU,Zahrani FSRU,,Import,Shelved,Lebanon,Lebanese Ministry of Energy and Water [100.00%],Lebanese Ministry of Energy and Water [100.00%],,,--,--,,,,,,2024.0,,Zahrani,Asia,2024/5/30,CapacityInBcm/y缺失(--),HIGH
T0788,0,https://www.gem.wiki/Dwiputra_FSRU,Dwiputra FSRU,,Import,Shelved,Mozambique,KARMOL [100.00%],Karpowership [unknown %]; Mitsui O.S.K. Lines [unknown %],,,--,--,,,,,,2022.0,,,Africa,2024/7/18,CapacityInBcm/y缺失(--),HIGH
T0880,0,https://www.gem.wiki/Mee_Laung_Gyaing_FSRU,Mee Laung Gyaing FSRU,,Import,Shelved,Myanmar,Supreme Trading Co Ltd [unknown %]; Zhefu Holding Group Co Ltd [unknown %],Supreme Group [unknown %]; ZHEFU Hydropower [unknown %],,,--,--,2023.0,,,,,2022.0,,Mata,Asia,2024/7/12,CapacityInBcm/y缺失(--),HIGH
T0905,0,https://www.gem.wiki/Rakhine_LNG_Terminal,Rakhine LNG Terminal,,Import,Shelved,Myanmar,CNTIC VPower [100.00%],CNTIC [unknown %]; VPower Group [unknown %],,,--,--,2022.0,,,,,2023.0,,Kyaukpyu,Asia,2024/7/12,CapacityInBcm/y缺失(--),HIGH
T0971,0,https://www.gem.wiki/SK_Group_Sri_Lanka_LNG_Terminal,SK Group Sri Lanka LNG Terminal,,Import,Shelved,Sri Lanka,SK Group [100.00%],SK Group [100.00%],,,--,--,,,,,,2022.0,,unknown,Asia,2024/7/10,CapacityInBcm/y缺失(--),HIGH
T0691,0,https://www.gem.wiki/Sudan_Red_Sea_LNG_Terminal,Sudan Red Sea LNG Terminal,,Import,Shelved,Sudan,Sunagas [100.00%],Sunagas [100.00%],,,--,--,2018.0,,,,,2024.0,,Sudan Port,Africa,2024/6/12,CapacityInBcm/y缺失(--),HIGH
T0893,0,https://www.gem.wiki/Chana_LNG_Terminal,Chana LNG Terminal,,Import,Shelved,Thailand,KOGAS [unknown %]; Korea Western Power [unknown %]; Thai Petrochemical Industry Polene Power [unknown %],KEPCO [unknown %]; KOGAS [unknown %]; Thai Petrochemical Industry Polene Power [unknown %],,,--,--,,,,,,2023.0,,,Asia,2024/7/15,CapacityInBcm/y缺失(--),HIGH
T0633,0,https://www.gem.wiki/Neptune_LNG,Neptune LNG Terminal,,Import,Retired,United States,Höegh Evi [unknown %]; Mitsui O.S.K. Lines [unknown %],Mitsui Group [unknown %]; Morgan Stanley [unknown %],,,--,--,2010.0,,,,,,,Boston,Americas,2024/7/8,CapacityInBcm/y缺失(--),HIGH
T1075,0,https://www.gem.wiki/Ben_Tre_FSRU,Ben Tre FSRU,,Import,Shelved,Vietnam,unknown [unknown %],unknown [unknown %],,,--,--,,,,,,2023.0,,,Asia,2024/7/16,CapacityInBcm/y缺失(--),HIGH
T0903,0,https://www.gem.wiki/Quang_Nam_LNG_Terminal,Quang Nam LNG Terminal,,Import,Shelved,Vietnam,Energy Capital Vietnam [100.00%],Energy Capital Vietnam [100.00%],,,--,--,,,,,,2023.0,,Quang Nam,Asia,2024/7/16,CapacityInBcm/y缺失(--),HIGH
T1076,0,https://www.gem.wiki/Tien_Lang_FSRU,Tien Lang FSRU,,Import,Shelved,Vietnam,ExxonMobil [50.00%]; Chubu Electric Power [25.00%]; Tokyo Electric Power Company [25.00%],ExxonMobil [50.00%]; Chubu Electric Power [25.00%]; Tokyo Electric Power Company [25.00%],,,--,--,2026.0,,,,,2023.0,,Tien Lang 1 Industrial Park,Asia,2024/7/16,CapacityInBcm/y缺失(--),HIGH
T0823,0,https://www.gem.wiki/New_Fortress_Angola_LNG_Terminal,New Fortress Angola LNG Terminal,,Import,Cancelled,Angola,New Fortress Energy [100.00%],New Fortress Energy [100.00%],,,--,--,,,,,,,2023.0,,Africa,2024/6/20,CapacityInBcm/y缺失(--),LOW
T0695,0,https://www.gem.wiki/Longford_LNG_Terminal,Longford LNG Terminal,,Import,Cancelled,Australia,ExxonMobil [100.00%],ExxonMobil [100.00%],,,--,--,2022.0,,,,,,2019.0,Longford,Oceania,2024/5/23,CapacityInBcm/y缺失(--),LOW
T1142,0,https://www.gem.wiki/ACWA_LNG_Terminal,ACWA LNG Terminal,,Import,Cancelled,Bangladesh,ACWA Power [100.00%],ACWA Power [100.00%],,,--,--,,,,,,2021.0,2023.0,Maheshkhali Upazila,Asia,2024/6/6,CapacityInBcm/y缺失(--),LOW
T1144,0,https://www.gem.wiki/Matarbari_GE_LNG_Terminal,Matarbari GE LNG Terminal,GE Terminal,Import,Cancelled,Bangladesh,PBDB [51.00%]; GE [30.00%],PBDB [51.00%]; GE [30.00%],,,--,--,2021.0,,,,,2020.0,2022.0,Maheshkhali Upazila,Asia,2024/6/10,CapacityInBcm/y缺失(--),LOW
T1143,0,https://www.gem.wiki/Pertamina_Bangladesh_FSRU,Pertamina Bangladesh FSRU,,Import,Cancelled,Bangladesh,Pertamina [100.00%],Pertamina [100.00%],,,--,--,2023.0,,,,,2020.0,2022.0,Maheshkhali Upazila,Asia,2024/6/6,CapacityInBcm/y缺失(--),LOW
T0246,0,https://www.gem.wiki/Cotonou_FSRU,Cotonou FSRU,,Import,Cancelled,Benin,Gasol [unknown %]; SOCAR Trading [unknown %],Gasol [unknown %]; SOCAR [unknown %],,,--,--,,,,,,2017.0,2019.0,Contonou,Africa,2024/6/25,CapacityInBcm/y缺失(--),LOW
T0941,0,https://www.gem.wiki/Caofeidian_LNG_Terminal_(Beijing_Energy),Caofeidian LNG Terminal (Beijing Energy),,Import,Cancelled,China,Tangshan Jingcao Natural Gas Co Ltd [100.00%],Beijing Jingneng Oil & Gas Resources Development Co Ltd [51.00%]; Tangshan Caofeidian Development & Investment Group Co Ltd [49.00%],,,--,--,,,,,,2019.0,2021.0,Caofeidian,Asia,2024/1/24,CapacityInBcm/y缺失(--),LOW
T0945,0,https://www.gem.wiki/Dongying_LNG_Terminal_(China_Huadian),Dongying LNG Terminal (China Huadian),,Import,Cancelled,China,China Huadian Group Corp [100.00%],China Huadian Group Corp [100.00%],,,--,--,,,,,,,,Economic Zone,Asia,2024/2/12,CapacityInBcm/y缺失(--),LOW
T0955,0,https://www.gem.wiki/Rongcheng_LNG_Terminal,Rongcheng LNG Terminal,,Import,Cancelled,China,"Beijing Energy International Holding Co [unknown %]; Xinfa Holding Co., Ltd. [unknown %]","Beijing Energy International Holding Co [unknown %]; Xinfa Holding Co., Ltd. [unknown %]",,,--,--,,,,,,,,Rongcheng Shidao,Asia,2024/1/31,CapacityInBcm/y缺失(--),LOW
T0959,0,https://www.gem.wiki/Yantai_FSRU,Yantai FSRU,,Import,Cancelled,China,China National Offshore Oil Corp [100.00%],China National Offshore Oil Corp [100.00%],,,--,--,,,,,,2014.0,2016.0,Fushan Dajijia Town,Asia,2024/1/30,CapacityInBcm/y缺失(--),LOW
T0564,0,https://www.gem.wiki/El_Viajano_Altenesol_LNG_Terminal,El Viajano Altenesol LNG Terminal,,Import,Cancelled,Colombia,IAHL Corporation [100.00%],IAHL Corporation [100.00%],,,--,--,,,,,,2017.0,2019.0,El Viajano,Americas,2024/9/12,CapacityInBcm/y缺失(--),LOW
T0828,0,https://www.gem.wiki/Hoegh_Cyprus_FSRU,Hoegh Cyprus FSRU,,Import,Cancelled,Cyprus,Höegh Evi [100.00%],Morgan Stanley [100.00%],,,--,--,2021.0,,,,,,2021.0,Vasiliko,Asia,2024/6/4,CapacityInBcm/y缺失(--),LOW
T0787,0,https://www.gem.wiki/Akonikien_LNG_Terminal,Akonikien LNG Terminal,,Import,Cancelled,Equatorial Guinea,Corban Energy Group [100.00%],Corban Energy Group [100.00%],,,--,--,2020.0,,,,Presumed,2022.0,2024.0,,Africa,2024/7/17,CapacityInBcm/y缺失(--),LOW
T0720,0,https://www.gem.wiki/Rauma_LNG_terminal,Rauma LNG Terminal,,Import,Cancelled,Finland,Linde [100.00%],Linde [100.00%],,,--,--,,,,,,2021.0,2023.0,Rauma,Europe,2024/7/24,CapacityInBcm/y缺失(--),LOW
T0442,0,https://www.gem.wiki/Southern_Finland_LNG_Terminal,Southern Finland LNG Terminal,,Import,Cancelled,Finland,Gasum [100.00%],Gasum [100.00%],,,--,--,,,,,,,2015.0,,Europe,2024/7/24,CapacityInBcm/y缺失(--),LOW
T0910,0,https://www.gem.wiki/Kulevi_LNG_Terminal,Kulevi LNG Terminal,,Import,Cancelled,Georgia,SOCAR [100.00%],Government of Azerbaijan [100.00%],,,--,--,,,,,,,2016.0,,Asia,2024/6/3,CapacityInBcm/y缺失(--),LOW
T0665,0,https://www.gem.wiki/Maurice_Bonnefil_LNG_Terminal,Maurice Bonnefil LNG Terminal,,Import,Cancelled,Haiti,Haytrac Power & Gaz SA [100.00%],Haytrac Power & Gaz SA [100.00%],,,--,--,,,,,,2016.0,2018.0,Port-au-Prince,Americas,2024/9/12,CapacityInBcm/y缺失(--),LOW
T0863,0,https://www.gem.wiki/Aceh-Nias_LNG_Terminal,Aceh-Nias LNG Terminal,,Import,Cancelled,Indonesia,PT Perusahaan Gas Negara [100.00%],PT Perusahaan Gas Negara [100.00%],,,--,--,,,,,Presumed,2022.0,2024.0,Aceh,Asia,2024/7/12,CapacityInBcm/y缺失(--),LOW
T0700,0,https://www.gem.wiki/Bangka_Belitung-Pontianak_FSRU,Bangka Belitung-Pontianak FSRU,,Import,Cancelled,Indonesia,PT Perusahaan Gas Negara [100.00%],PT Perusahaan Gas Negara [100.00%],,,--,--,,,,,2023,2021.0,2023.0,Pontianak,Asia,2024/7/12,CapacityInBcm/y缺失(--),LOW
T0871,0,https://www.gem.wiki/Sorong-Manokwari-Nabira-Biak-Jayapura_LNG_Terminal,Sorong LNG Terminal,,Import,Cancelled,Indonesia,Pertamina [100.00%],Pertamina [100.00%],,,--,--,,,,,,,2021.0,East Indonesia,Asia,2024/7/12,CapacityInBcm/y缺失(--),LOW
T0878,0,https://www.gem.wiki/Ahlone_LNG_Terminal,Ahlone LNG Terminal,,Import,Cancelled,Myanmar,TTCL [100.00%],TTCL [100.00%],,,--,--,2024.0,,,,,2022.0,2024.0,Dala,Asia,2024/7/12,CapacityInBcm/y缺失(--),LOW
T0702,0,https://www.gem.wiki/Sittwe_LNG_Terminal,Sittwe LNG Terminal,,Import,Cancelled,Myanmar,Petronet LNG [100.00%],Petronet LNG [100.00%],,,--,--,,,,,,2021.0,2023.0,Sittwe,Asia,2024/7/12,CapacityInBcm/y缺失(--),LOW
T1065,0,https://www.gem.wiki/Thilawa_LNG_Terminal,Thilawa LNG Terminal,,Import,Cancelled,Myanmar,Eden Group [unknown %]; Marubeni Corporation [unknown %]; Mitsui & Co [unknown %]; Sumitomo Corporation [unknown %],Eden Group [unknown %]; Marubeni Corporation [unknown %]; Mitsui Group [unknown %]; Sumitomo Corporation [unknown %],,,--,--,2026.0,,,,Presumed,2022.0,2024.0,Thilawa Economic Zone of Yangon,Asia,2024/7/12,CapacityInBcm/y缺失(--),LOW
T0622,0,https://www.gem.wiki/Walvis_Bay_LNG_Terminal,Walvis Bay LNG Terminal (Import),,Import,Cancelled,Namibia,Excelerate Energy [100.00%],Excelerate Energy [100.00%],,,--,--,2019.0,,,,,2017.0,2019.0,Walvis Bay,Africa,2024/7/18,CapacityInBcm/y缺失(--),LOW
T1100,0,https://www.gem.wiki/Terneuzen_FSRU,Terneuzen FSRU,,Import,Cancelled,Netherlands,Gasunie [100.00%],Gasunie [100.00%],,,--,--,2023.0,,,,,,2023.0,Port of Terneuzen,Europe,2024/9/10,CapacityInBcm/y缺失(--),LOW
T1078,0,https://www.gem.wiki/GEIL_FSRU,GEIL FSRU,,Import,Cancelled,Pakistan,GEIL [100.00%],GEIL [100.00%],,,--,--,2017.0,,,,,,2022.0,Port Qasim,Asia,2024/6/28,CapacityInBcm/y缺失(--),LOW
T0854,1,https://www.gem.wiki/Telfers_FSRU,Telfers FSRU,,Import,Cancelled,Panama,LNG Group Panama [100.00%],LNG Group Panama [100.00%],,,--,--,,,,,,,,Colon,Americas,2024/9/13,CapacityInBcm/y缺失(--),LOW
T0305,0,https://www.gem.wiki/Bataan-Manila_LNG_Terminal,Bataan-Manila LNG Terminal,,Import,Cancelled,Philippines,Philippine National Oil Company [100.00%],Philippine National Oil Company [100.00%],,,--,--,2020.0,,,,,2018.0,2020.0,Limay,Asia,2024/7/15,CapacityInBcm/y缺失(--),LOW
T0306,0,https://www.gem.wiki/Batangas_LNG_Terminal,Batangas LNG Terminal (PNOC),,Import,Cancelled,Philippines,Philippine National Oil Company [100.00%],Philippine National Oil Company [100.00%],,,--,--,2020.0,,,,,,2019.0,Batangas,Asia,2024/7/15,CapacityInBcm/y缺失(--),LOW
T0889,0,https://www.gem.wiki/Singapore_Offshore_LNG_Terminal,Singapore Offshore LNG Terminal,,Import,Cancelled,Singapore,Singapore Energy Market Authority [100.00%],Singapore Energy Market Authority [100.00%],,,--,--,,,,,,2022.0,,,Asia,7/15/2024,CapacityInBcm/y缺失(--),LOW
T0635,0,https://www.gem.wiki/Bradwood_Landing_LNG_Terminal,Bradwood Landing LNG Terminal,,Import,Cancelled,United States,Northern Star Natural Gas [100.00%],Northern Star Natural Gas [100.00%],,,--,--,,,,,,,2010.0,Bradwood,Americas,2024/7/8,CapacityInBcm/y缺失(--),LOW
T0848,0,https://www.gem.wiki/Port_Esperanza_FSRU,Port Esperanza FSRU,,Import,Cancelled,United States,Esperanza Energy LLC [100.00%],Tidelands Oil & Gas Corp [100.00%],,,--,--,,,,,,2009.0,2011.0,Long Beach,Americas,2024/7/8,CapacityInBcm/y缺失(--),LOW
T0649,0,https://www.gem.wiki/Quoddy_Bay_LNG_Terminal,Quoddy Bay LNG Terminal,,Import,Cancelled,United States,Quoddy Bay LNG [100.00%],Quoddy Bay LNG [100.00%],,,--,--,,,,,,2010.0,2012.0,Pleasent Point,Americas,2024/7/8,CapacityInBcm/y缺失(--),LOW
T0902,0,https://www.gem.wiki/Chan_May_LNG_Terminal,Chan May LNG Terminal,,Import,Cancelled,Vietnam,Chan May LNG [100.00%],Chan May LNG [100.00%],,,--,--,2024.0,,,,,2022.0,2024.0,Chan May,Asia,2024/7/16,CapacityInBcm/y缺失(--),LOW
T1083,0,https://www.gem.wiki/Antigua_Power_LNG_Terminal,Antigua Power LNG Terminal,,Import,Construction,Antigua and Barbuda,Caribbean LNG [100.00%],Antigua Power Co Ltd [50.00%]; Eagle LNG Partners [50.00%],,,--,--,2024.0,,,,,,,Crabbs,Americas,2024/9/4,CapacityInBcm/y缺失(--),MEDIUM
T1116,0,https://www.gem.wiki/Aruba_LNG_Terminal,Aruba LNG Terminal,,Import,Proposed,Aruba,Eagle LNG Partners Jacksonville LLC [unknown %]; WEB Aruba NV [unknown %],The Energy & Minerals Group [unknown %]; Utilities Aruba NV [unknown %],,,--,--,,,,,,,,San Nicolas,Americas,2024/9/4,CapacityInBcm/y缺失(--),MEDIUM
T0928,0,https://www.gem.wiki/Geramar_FSRU,Geramar FSRU,,Import,Proposed,Brazil,unknown [unknown %],unknown [unknown %],,,--,--,2026.0,,,,,,,Porto de Itaqui,Americas,2024/8/29,CapacityInBcm/y缺失(--),MEDIUM
T0931,0,https://www.gem.wiki/Itacoatiara_FSRU,Itacoatiara FSRU,,Import,Shelved,Brazil,TISA (Termelétrica Itacoatiara SA) [100.00%],Grupo Dislub Equador SA [50.00%]; Vitol [50.00%],5.11,bcm/y,3.76,5.11,,,,,,,,Itacoatiara,Americas,2024/9/13,StartYear1缺失-需确定启动时间,MEDIUM
T0932,0,https://www.gem.wiki/Paran%C3%A1_FSRU,Paraná FSRU,,Import,Shelved,Brazil,Copel [unknown %]; Shell [unknown %],Copel [unknown %]; Shell [unknown %],5.11,bcm/y,3.76,5.11,,,,,,,,Pontal do Paraná,Americas,2024/9/13,StartYear1缺失-需确定启动时间,MEDIUM
T1166,0,https://www.gem.wiki/Botum_Sakor_LNG_Terminal,Botum Sakor LNG Terminal,,Import,Proposed,Cambodia,Government of Cambodia [100.00%],Government of Cambodia [100.00%],,,--,--,,,,,,,,Botum Sakor,Asia,2024/7/12,CapacityInBcm/y缺失(--),MEDIUM
T0673,0,https://www.gem.wiki/North_Shore_LNG_Terminal,North Shore LNG Terminal,T0,Import,Proposed,Canada,North Shore LNG Project [unknown %]; Northeast Midstream LP [unknown %],North Shore LNG Project [unknown %]; Northeast Midstream LP [unknown %],,,--,--,,,,,,2022.0,,Marathon,Americas,2024/9/9,CapacityInBcm/y缺失(--),MEDIUM
T0673,1,https://www.gem.wiki/North_Shore_LNG_Terminal,North Shore LNG Terminal,T1,Import,Proposed,Canada,North Shore LNG Project [unknown %]; Northeast Midstream LP [unknown %],North Shore LNG Project [unknown %]; Northeast Midstream LP [unknown %],,,--,--,,,,,,2022.0,,Terrace Bay,Americas,2024/9/9,CapacityInBcm/y缺失(--),MEDIUM
T0673,2,https://www.gem.wiki/North_Shore_LNG_Terminal,North Shore LNG Terminal,T2,Import,Proposed,Canada,North Shore LNG Project [unknown %]; Northeast Midstream LP [unknown %],North Shore LNG Project [unknown %]; Northeast Midstream LP [unknown %],,,--,--,,,,,,2022.0,,Schreiber,Americas,2024/9/9,CapacityInBcm/y缺失(--),MEDIUM
T0673,3,https://www.gem.wiki/North_Shore_LNG_Terminal,North Shore LNG Terminal,T3,Import,Proposed,Canada,North Shore LNG Project [unknown %]; Northeast Midstream LP [unknown %],North Shore LNG Project [unknown %]; Northeast Midstream LP [unknown %],,,--,--,,,,,,2022.0,,Manitouwadge,Americas,2024/9/9,CapacityInBcm/y缺失(--),MEDIUM
T0673,4,https://www.gem.wiki/North_Shore_LNG_Terminal,North Shore LNG Terminal,T4,Import,Proposed,Canada,North Shore LNG Project [unknown %]; Northeast Midstream LP [unknown %],North Shore LNG Project [unknown %]; Northeast Midstream LP [unknown %],,,--,--,,,,,,2022.0,,Wawa,Americas,2024/9/9,CapacityInBcm/y缺失(--),MEDIUM
T0716,0,https://www.gem.wiki/Talcahuano_FSRU,Talcahuano FSRU,,Import,Shelved,Chile,Inversiones GNL Talcahuano SpA [100.00%],Inversiones GNL Talcahuano SpA [100.00%],2.3,mtpa,2.3,3.13,,,,,,,,,Americas,2024/9/13,StartYear1缺失-需确定启动时间,MEDIUM
T0377,1,https://www.gem.wiki/Chaozhou_LNG_Terminal_(Huafeng),Chaozhou LNG Terminal (Huafeng),Expansion,Import,Shelved,China,Guangdong Huafeng Zhongtian LNG Co Ltd [100.00%],"Zhongxing Tianheng Energy Technology (Beijing) Co., Ltd. [55.00%]; Chaozhou Huafeng Group Co Ltd [44.70%]; other [0.30%]",3.0,mtpa,3,4.08,,,,,,2021.0,,Raoping SuochengTown,Asia,2024/2/14,StartYear1缺失-需确定启动时间,MEDIUM
T0380,1,https://www.gem.wiki/Fangchenggang_LNG_Terminal,Fangchenggang LNG Terminal,Phase II,Import,Shelved,China,National Pipeline Network Group Guangxi Fangchenggang Natural Gas Co Ltd [100.00%],National Petroleum and Natural Gas Pipeline Network Group Co Ltd [51.00%]; Beibu Gulf Port Co Ltd [49.00%],0.4,mtpa,0.4,0.54,,,,,,,,,Asia,2024/1/18,StartYear1缺失-需确定启动时间,MEDIUM
T0384,1,https://www.gem.wiki/Guangdong_Dapeng_LNG_Terminal,Guangdong Dapeng LNG Terminal,Expansion,Import,Proposed,China,GUANG DONG DAPENG LNG Co Ltd [100.00%],China National Offshore Oil Corp [33.00%]; Guangdong Investment Co Ltd [15.00%]; Pearl River Delta Investment Co Ltd [15.00%]; Shenzhen Gas Corp Ltd [10.00%]; Guangdong Energy Group Natural Gas Co Ltd [6.00%]; Guangzhou Development Group Inc [6.00%]; Shenzhen Energy and Gas Investment Holding Co Ltd [4.00%]; Ganghua Investment Co Ltd [3.00%]; Hong Kong Electric (Gas) Co Ltd [3.00%]; Dongguan Xin'ao Gas Co Ltd [2.50%],,,--,--,,,,,,,,Dapeng Bay,Asia,2024/2/14,CapacityInBcm/y缺失(--),MEDIUM
T0391,0,https://www.gem.wiki/Jiangmen_LNG_Terminal,Jiangmen LNG Terminal,Phase 1,Import,Shelved,China,Guangdong Guanghaiwan Energy Holdings Co Ltd [100.00%],Guangdong Energy Group Natural Gas Co Ltd [35.10%]; Guangdong Jovo Energy Group Co Ltd [30.00%]; Foran Energy Group Co Ltd [19.90%]; Taishan Dawan Enterprise Management Co Ltd [10.00%]; Jiangmen Urban Construction Investment Group Co Ltd [5.00%],3.0,mtpa,3,4.08,,,,,,,,Guanghai Bay,Asia,2024/2/15,StartYear1缺失-需确定启动时间,MEDIUM
T0391,2,https://www.gem.wiki/Jiangmen_LNG_Terminal,Jiangmen LNG Terminal,Phase 2,Import,Shelved,China,Guangdong Guanghaiwan Energy Holdings Co Ltd [100.00%],Guangdong Energy Group Natural Gas Co Ltd [35.10%]; Guangdong Jovo Energy Group Co Ltd [30.00%]; Foran Energy Group Co Ltd [19.90%]; Taishan Dawan Enterprise Management Co Ltd [10.00%]; Jiangmen Urban Construction Investment Group Co Ltd [5.00%],6.0,mtpa,6,8.16,,,,,,,,Guanghai Bay,Asia,2024/2/15,StartYear1缺失-需确定启动时间,MEDIUM
T1057,0,https://www.gem.wiki/Jieyang_LNG_Terminal_(PetroChina),Jieyang LNG Terminal (PetroChina),,Import,Shelved,China,Kunlun Energy Co Ltd [100.00%],Kunlun Energy Co Ltd [100.00%],6.5,mtpa,6.5,8.84,,,,,,,,Huilai,Asia,2024/2/14,StartYear1缺失-需确定启动时间,MEDIUM
T0953,0,https://www.gem.wiki/Quanzhou_LNG_Terminal,Quanzhou LNG Terminal,Phase 1,Import,Shelved,China,Quanzhou Honghai Petrochemical Storage Co Ltd [100.00%],Guangzhou Yuanheng Transportation Co Ltd [46.50%]; Guangzhou Anfeng Investment Co Ltd [38.00%]; Guangzhou Yuanheng Enterprise Management Co Ltd [11.60%]; other [3.90%],3.0,mtpa,3,4.08,,,,,,,,Quangang,Asia,2024/1/17,StartYear1缺失-需确定启动时间,MEDIUM
T0953,1,https://www.gem.wiki/Quanzhou_LNG_Terminal,Quanzhou LNG Terminal,Phase 2,Import,Shelved,China,Quanzhou Honghai Petrochemical Storage Co Ltd [100.00%],Guangzhou Yuanheng Transportation Co Ltd [46.50%]; Guangzhou Anfeng Investment Co Ltd [38.00%]; Guangzhou Yuanheng Enterprise Management Co Ltd [11.60%]; other [3.90%],3.0,mtpa,3,4.08,,,,,,,,Quangang,Asia,2024/1/17,StartYear1缺失-需确定启动时间,MEDIUM
T1110,0,https://www.gem.wiki/Shanwei_LNG_Terminal,Shanwei LNG Terminal,,Import,Proposed,China,unknown [unknown %],unknown [unknown %],,,--,--,,,,,,,,,Asia,2024/2/15,CapacityInBcm/y缺失(--),MEDIUM
T0944,0,https://www.gem.wiki/Zhangzhou_LNG_Terminal_(China_Energy_Reserve),Zhangzhou LNG Terminal (China Energy Reserve),,Import,Shelved,China,China Energy Reserve and Chemicals Group Company Limited [100.00%],CHINA NATIONAL FRIEND INDUSTRY CORPORATION [85.00%]; COSCO Gas Co Ltd [15.00%],3.0,mtpa,3,4.08,,,,,,,,Zhangzhou Development Zone,Asia,2024/1/17,StartYear1缺失-需确定启动时间,MEDIUM
T0960,0,https://www.gem.wiki/Aguadulce_FSRU,Aguadulce FSRU,,Import,Proposed,Colombia,Aguadulce LNG [100.00%],Aguadulce LNG [100.00%],,,--,--,,,,,,,,Bay of Buenaventura,Americas,2024/8/28,CapacityInBcm/y缺失(--),MEDIUM
T1004,0,https://www.gem.wiki/Paldiski_FSRU,Paldiski FSRU,,Import,Construction,Estonia,Estonian Stockpiling Agency [100.00%],Government of Estonia [100.00%],,,--,--,2022.0,,,,,,,Paldiski (Estonia) and Inkoo (Finland),Europe,2024/7/23,CapacityInBcm/y缺失(--),MEDIUM
T1050,0,https://www.gem.wiki/Guinea_LNG_Terminal,Guinea LNG Terminal,Import Terminal,Import,Proposed,Guinea,West Africa LNG Group [100.00%],AfricaGlobal Schaffer [100.00%],,,--,--,2023.0,,,,,,,Kamsar,Africa,2024/7/17,CapacityInBcm/y缺失(--),MEDIUM
T0433,0,https://www.gem.wiki/Gangavaram_LNG_Terminal,Gangavaram LNG Terminal,,Import,Shelved,India,Petronet LNG [100.00%],Petronet LNG [100.00%],10.0,mtpa,10,13.6,,,,,,2024.0,,Gangavaram Port,Asia,2024/6/20,StartYear1缺失-需确定启动时间,MEDIUM
T1054,0,https://www.gem.wiki/LNG_Alliance_Mangalore_FSRU,LNG Alliance Mangalore FSRU,,Import,Shelved,India,LNG Alliance [unknown %]; New Mangalore Port Trust [unknown %],"India Ministry of Ports, Shipping and Waterways [unknown %]; LNG Alliance [unknown %]",4.0,mtpa,4,5.44,,,,,,2024.0,,Mangalore,Asia,2024/6/17,StartYear1缺失-需确定启动时间,MEDIUM
T0962,0,https://www.gem.wiki/Mumbai_FSRU,Mumbai FSRU,,Import,Shelved,India,SP Armada Clean Energy Ventures [100.00%],Shapoorji Pallonji [51.00%]; Bumi Armada [49.00%],5.0,mtpa,5,6.8,,,,,,2023.0,,Mumbai Port,Asia,2024/6/17,StartYear1缺失-需确定启动时间,MEDIUM
T1164,0,https://www.gem.wiki/Gresik_LNG_Terminal,Gresik LNG Terminal,,Import,Proposed,Indonesia,BP Gas & Power Investments [unknown %]; PT AKR Corporindo [unknown %],BP [unknown %]; PT Arthakencana Rayatama [unknown %],,,--,--,2027.0,,,,,,,Gresik,Asia,2024/7/12,CapacityInBcm/y缺失(--),MEDIUM
T1070,0,https://www.gem.wiki/Palu_LNG_Terminal,Palu LNG Terminal,,Import,Shelved,Indonesia,Aslan Energy Capital [unknown %]; PT Agri Maritim Sulteng [unknown %],Government of Central Sulawesi [unknown %]; LNG Alliance [unknown %],2.0,mtpa,2,2.72,,,,,,2024.0,,Palu,Asia,2024/7/12,StartYear1缺失-需确定启动时间,MEDIUM
T1058,0,https://www.gem.wiki/Portovesme_FSRU,Portovesme FSRU,,Import,Proposed,Italy,Snam [100.00%],Snam [100.00%],,,--,--,2024.0,,,,,,,Portovesme,Europe,2024/7/31,CapacityInBcm/y缺失(--),MEDIUM
T0475,1,https://www.gem.wiki/Hibiki_LNG_terminal,Hibiki LNG Terminal,Expansion,Import,Proposed,Japan,Saibu Gas [90.00%]; Kyushu Electric Power [10.00%],Saibu Gas [90.00%]; Kyushu Electric Power [10.00%],,,--,--,2029.0,,,,,,,Kitakyushu,Asia,2024/8/27,CapacityInBcm/y缺失(--),MEDIUM
T0963,0,https://www.gem.wiki/Beddawi_FSRU,Beddawi FSRU,,Import,Shelved,Lebanon,Lebanese Ministry of Energy and Water [100.00%],Lebanese Ministry of Energy and Water [100.00%],3.5,mtpa,3.5,4.76,,,,,,2022.0,,Beddawi,Asia,2024/5/30,StartYear1缺失-需确定启动时间,MEDIUM
T1079,0,https://www.gem.wiki/Mauritius_FSRU,Mauritius FSRU,,Import,Proposed,Mauritius,unknown [unknown %],unknown [unknown %],,,--,--,,,,,,2024.0,,,Africa,2024/7/18,CapacityInBcm/y缺失(--),MEDIUM
T0824,0,https://www.gem.wiki/Morocco_FSRU,Morocco FSRU,,Import,Proposed,Morocco,"Morocco Ministry of Energy, Mining and Sustainable Development [100.00%]","Morocco Ministry of Energy, Mining and Sustainable Development [100.00%]",,,--,--,2022.0,,,,,,,Mohammedia Port,Africa,2024/6/18,CapacityInBcm/y缺失(--),MEDIUM
T1161,0,https://www.gem.wiki/Nador_FSRU,Nador FSRU,,Import,Proposed,Morocco,unknown [unknown %],unknown [unknown %],,,--,--,2026.0,,,,,,,Nador West Med Port,Africa,2024/6/19,CapacityInBcm/y缺失(--),MEDIUM
T0300,0,https://www.gem.wiki/Daewoo_Gas_LNG_Terminal,Daewoo Gas LNG Terminal,,Import,Shelved,Pakistan,Daewoo Gas [100.00%],Asiapak Investments [100.00%],2.5,mtpa,2.5,3.4,,,,,,2024.0,,Gwadar Port,Asia,2024/6/26,StartYear1缺失-需确定启动时间,MEDIUM
T1103,0,https://www.gem.wiki/Pakistan_State_Oil_LNG_Terminal,Pakistan State Oil LNG Terminal,,Import,Proposed,Pakistan,Pakistan State Oil [100.00%],Government of Pakistan [100.00%],,,--,--,,,,,,,,near Karachi,Asia,2024/6/28,CapacityInBcm/y缺失(--),MEDIUM
T0887,2,https://www.gem.wiki/Tabeer_LNG_Terminal,Tabeer LNG Terminal,Phase 2,Import,Proposed,Pakistan,Tabeer Energy (Pvt) Ltd [unknown %]; Tabeer Energy Marketing (Pvt) Ltd [unknown %],Bison Energy FZCO [unknown %],,,--,--,,,,,,,,Port Qasim,Asia,2024/6/27,CapacityInBcm/y缺失(--),MEDIUM
T1072,0,https://www.gem.wiki/PAWA_PNG_FSRU_Project,PAWA PNG FSRU Project,T1,Import,Proposed,Papua New Guinea,Dirio Gas & Power [unknown %]; Government of Papua New Guinea [unknown %]; Twenty20 Energy [unknown %],Government of Papua New Guinea [unknown %]; Twenty20 Energy [unknown %],,,--,--,,,,,,,,Daru,Oceania,2024/5/29,CapacityInBcm/y缺失(--),MEDIUM
T1072,1,https://www.gem.wiki/PAWA_PNG_FSRU_Project,PAWA PNG FSRU Project,T2,Import,Proposed,Papua New Guinea,Dirio Gas & Power [unknown %]; Government of Papua New Guinea [unknown %]; Twenty20 Energy [unknown %],Government of Papua New Guinea [unknown %]; Twenty20 Energy [unknown %],,,--,--,,,,,,,,Lae,Oceania,2024/5/29,CapacityInBcm/y缺失(--),MEDIUM
T1072,2,https://www.gem.wiki/PAWA_PNG_FSRU_Project,PAWA PNG FSRU Project,T3,Import,Proposed,Papua New Guinea,Dirio Gas & Power [unknown %]; Government of Papua New Guinea [unknown %]; Twenty20 Energy [unknown %],Government of Papua New Guinea [unknown %]; Twenty20 Energy [unknown %],,,--,--,,,,,,,,Lihir,Oceania,2024/5/29,CapacityInBcm/y缺失(--),MEDIUM
T1072,3,https://www.gem.wiki/PAWA_PNG_FSRU_Project,PAWA PNG FSRU Project,T4,Import,Proposed,Papua New Guinea,Dirio Gas & Power [unknown %]; Government of Papua New Guinea [unknown %]; Twenty20 Energy [unknown %],Government of Papua New Guinea [unknown %]; Twenty20 Energy [unknown %],,,--,--,,,,,,,,Manus Island,Oceania,2024/5/29,CapacityInBcm/y缺失(--),MEDIUM
T1072,4,https://www.gem.wiki/PAWA_PNG_FSRU_Project,PAWA PNG FSRU Project,T5,Import,Proposed,Papua New Guinea,Dirio Gas & Power [unknown %]; Government of Papua New Guinea [unknown %]; Twenty20 Energy [unknown %],Government of Papua New Guinea [unknown %]; Twenty20 Energy [unknown %],,,--,--,,,,,,,,Buka Town,Oceania,2024/5/29,CapacityInBcm/y缺失(--),MEDIUM
T1072,5,https://www.gem.wiki/PAWA_PNG_FSRU_Project,PAWA PNG FSRU Project,T6,Import,Proposed,Papua New Guinea,Dirio Gas & Power [unknown %]; Government of Papua New Guinea [unknown %]; Twenty20 Energy [unknown %],Government of Papua New Guinea [unknown %]; Twenty20 Energy [unknown %],,,--,--,,,,,,,,Kimbe,Oceania,2024/5/29,CapacityInBcm/y缺失(--),MEDIUM
T1072,6,https://www.gem.wiki/PAWA_PNG_FSRU_Project,PAWA PNG FSRU Project,T7,Import,Proposed,Papua New Guinea,Dirio Gas & Power [unknown %]; Government of Papua New Guinea [unknown %]; Twenty20 Energy [unknown %],Government of Papua New Guinea [unknown %]; Twenty20 Energy [unknown %],,,--,--,,,,,,,,Alotau,Oceania,2024/5/29,CapacityInBcm/y缺失(--),MEDIUM
T1072,7,https://www.gem.wiki/PAWA_PNG_FSRU_Project,PAWA PNG FSRU Project,T8,Import,Proposed,Papua New Guinea,Dirio Gas & Power [unknown %]; Government of Papua New Guinea [unknown %]; Twenty20 Energy [unknown %],Government of Papua New Guinea [unknown %]; Twenty20 Energy [unknown %],,,--,--,,,,,,,,Madang,Oceania,2024/5/29,CapacityInBcm/y缺失(--),MEDIUM
T1072,8,https://www.gem.wiki/PAWA_PNG_FSRU_Project,PAWA PNG FSRU Project,T9,Import,Proposed,Papua New Guinea,Dirio Gas & Power [unknown %]; Government of Papua New Guinea [unknown %]; Twenty20 Energy [unknown %],Government of Papua New Guinea [unknown %]; Twenty20 Energy [unknown %],,,--,--,,,,,,,,Rabaul,Oceania,2024/5/29,CapacityInBcm/y缺失(--),MEDIUM
T1072,9,https://www.gem.wiki/PAWA_PNG_FSRU_Project,PAWA PNG FSRU Project,T10,Import,Proposed,Papua New Guinea,Dirio Gas & Power [unknown %]; Government of Papua New Guinea [unknown %]; Twenty20 Energy [unknown %],Government of Papua New Guinea [unknown %]; Twenty20 Energy [unknown %],,,--,--,,,,,,,,Wewak,Oceania,2024/5/29,CapacityInBcm/y缺失(--),MEDIUM
T1072,10,https://www.gem.wiki/PAWA_PNG_FSRU_Project,PAWA PNG FSRU Project,T11,Import,Proposed,Papua New Guinea,Dirio Gas & Power [unknown %]; Government of Papua New Guinea [unknown %]; Twenty20 Energy [unknown %],Government of Papua New Guinea [unknown %]; Twenty20 Energy [unknown %],,,--,--,,,,,,,,Kiunga,Oceania,2024/5/29,CapacityInBcm/y缺失(--),MEDIUM
T1072,11,https://www.gem.wiki/PAWA_PNG_FSRU_Project,PAWA PNG FSRU Project,T12,Import,Proposed,Papua New Guinea,Dirio Gas & Power [unknown %]; Government of Papua New Guinea [unknown %]; Twenty20 Energy [unknown %],Government of Papua New Guinea [unknown %]; Twenty20 Energy [unknown %],,,--,--,,,,,,,,Kikori,Oceania,2024/5/29,CapacityInBcm/y缺失(--),MEDIUM
T1149,0,https://www.gem.wiki/Atimonan_LNG_Terminal,Atimonan LNG Terminal,,Import,Proposed,Philippines,Atimonan One Energy [100.00%],Meralco [100.00%],,,--,--,2026.0,,,,,,,Villa Ibaba,Asia,2024/7/15,CapacityInBcm/y缺失(--),MEDIUM
T0731,1,https://www.gem.wiki/Polish_Baltic_Sea_Coast_FSRU,Polish Baltic Sea Coast FSRU,Expansion (FSRU 2),Import,Shelved,Poland,Gaz-System [100.00%],PKN Orlen [100.00%],4.5,bcm/y,3.31,4.5,,,,,,2023.0,,Gdansk,Europe,2024/7/23,StartYear1缺失-需确定启动时间,MEDIUM
T1101,0,https://www.gem.wiki/Black_Sea_LNG_Terminal,Black Sea LNG Terminal,Import Facility,Import,Proposed,Romania,RomGaz [unknown %]; SOCAR [unknown %],Government of Azerbaijan [unknown %]; RomGaz [unknown %],,,--,--,,,,,,,,Constanta,Europe,2024/7/23,CapacityInBcm/y缺失(--),MEDIUM
T0265,0,https://www.gem.wiki/Coega_FSRU,Coega FSRU,,Import,Proposed,South Africa,Karpowership [100.00%],Karadeniz Holdings [100.00%],,,--,--,,,,,,2021.0,,Coega IDZ,Africa,2024/7/23,CapacityInBcm/y缺失(--),MEDIUM
T0266,0,https://www.gem.wiki/Richards_Bay_FSRU,Richards Bay FSRU,,Import,Proposed,South Africa,Karpowership [100.00%],Karadeniz Holdings [100.00%],,,--,--,,,,,,,,Richards Bay,Africa,2024/7/23,CapacityInBcm/y缺失(--),MEDIUM
T0267,0,https://www.gem.wiki/Saldanha_Bay_FSRU,Saldanha Bay FSRU,,Import,Proposed,South Africa,Karpowership [100.00%],Karadeniz Holdings [100.00%],,,--,--,,,,,,,,Saldanha Bay,Africa,2024/7/23,CapacityInBcm/y缺失(--),MEDIUM
T0891,0,https://www.gem.wiki/Northeast_Asia_LNG_Hub_Terminal,Northeast Asia LNG Hub Terminal,,Import,Construction,South Korea,Northeast Asia LNG Hub Terminal Co Ltd [100.00%],Hanyang Group [60.00%]; GS Holdings Corp [40.00%],,,--,--,2024.0,,,,,,,Myodo,Asia,2024/9/4,CapacityInBcm/y缺失(--),MEDIUM
T0970,0,https://www.gem.wiki/Hambantota_LNG_Terminal,Hambantota LNG Terminal,,Import,Shelved,Sri Lanka,Pearl Energy Pvt Ltd [unknown %]; SOCAR Trading [unknown %],Pearl Energy Pvt Ltd [unknown %]; SOCAR [unknown %],1.0,mtpa,1,1.36,,,,,,2023.0,,Port of Hambantota,Asia,2024/7/10,StartYear1缺失-需确定启动时间,MEDIUM
T0894,1,https://www.gem.wiki/Gulf_MTP_LNG_Terminal,Gulf MTP LNG Terminal,Phase II,Import,Shelved,Thailand,Gulf MPT LNG Terminal Co Ltd [100.00%],Gulf Energy Development Public Company Limited [70.00%]; PTT [30.00%],5.8,mtpa,5.8,7.89,,,,,,,,Map Ta Phut,Asia,2024/7/15,StartYear1缺失-需确定启动时间,MEDIUM
T1071,0,https://www.gem.wiki/Surat_Thani_FSRU,Surat Thani FSRU,,Import,Shelved,Thailand,EGAT [unknown %]; PTT [unknown %],EGAT [unknown %]; PTT [unknown %],5.0,mtpa,5,6.8,,,,,,2023.0,,Offshore Surat Thani,Asia,2024/7/15,StartYear1缺失-需确定启动时间,MEDIUM
T0220,0,https://www.gem.wiki/Eagle_LNG_Terminal,Eagle LNG Import Terminal,,Import,Proposed,United States,Eagle LNG Partners Jacksonville LLC [100.00%],The Energy & Minerals Group [100.00%],,,--,--,2022.0,,,,,,,Jacksonville,Americas,2024/7/8,CapacityInBcm/y缺失(--),MEDIUM
T0901,0,https://www.gem.wiki/Ca_Na_LNG_Terminal,Ca Na LNG Terminal,,Import,Proposed,Vietnam,Novatek [100.00%],Novatek [100.00%],,,--,--,2024.0,,,,,2023.0,,,Asia,2024/7/16,CapacityInBcm/y缺失(--),MEDIUM
T1175,0,https://www.gem.wiki/Nghi_Son_LNG_Terminal,Nghi Son LNG Terminal,,Import,Proposed,Vietnam,unknown [unknown %],unknown [unknown %],,,--,--,2030.0,,,,,,,Nghi Son,Asia,2024/9/11,CapacityInBcm/y缺失(--),MEDIUM
T1060,0,https://www.gem.wiki/Vung_Ang_LNG_Terminal,Vung Ang LNG Terminal,,Import,Proposed,Vietnam,unknown [unknown %],unknown [unknown %],,,--,--,,,,,,,2023.0,Kỳ Lợi commune,Asia,2024/7/16,CapacityInBcm/y缺失(--),MEDIUM
T1162,0,https://www.gem.wiki/Dakhla_LNG_Terminal,Dakhla LNG Terminal,,Import,Proposed,Western Sahara,unknown [unknown %],unknown [unknown %],,,--,--,2030.0,,,,,,,,Africa,2024/6/19,CapacityInBcm/y缺失(--),MEDIUM
